file_names,num_rows,num_cols
/user/bigdata/nyc_open_data/22rf-yxcy.json,1238336,38
/user/bigdata/nyc_open_data/22zm-qrtq.json,14,11
/user/bigdata/nyc_open_data/23rb-xz43.json,19,7
/user/bigdata/nyc_open_data/24nr-gahi.json,87,9
/user/bigdata/nyc_open_data/25aa-q86c.json,6924,70
/user/bigdata/nyc_open_data/25cx-4jug.json,1729,13
/user/bigdata/nyc_open_data/25th-nujf.json,22035,6
/user/bigdata/nyc_open_data/26kp-bgdh.json,231,15
/user/bigdata/nyc_open_data/26ze-s5bx.json,10,2
/user/bigdata/nyc_open_data/276h-y36a.json,157,6
/user/bigdata/nyc_open_data/27h8-t3wt.json,1120,16
/user/bigdata/nyc_open_data/28rh-vpvr.json,572,4
/user/bigdata/nyc_open_data/29bv-qqsy.json,1743,56
/user/bigdata/nyc_open_data/29bw-z7pj.json,592372,54
/user/bigdata/nyc_open_data/29km-avyc.json,4578,11
/user/bigdata/nyc_open_data/29ry-u5bf.json,6828,70
/user/bigdata/nyc_open_data/2bh6-qmgg.json,98,15
/user/bigdata/nyc_open_data/2bnn-yakx.json,10803028,43
/user/bigdata/nyc_open_data/2cmn-uidm.json,11544,13
/user/bigdata/nyc_open_data/2ei9-vg68.json,5,3
/user/bigdata/nyc_open_data/2emc-na4n.json,77561,12
/user/bigdata/nyc_open_data/2enn-s52j.json,8,4
/user/bigdata/nyc_open_data/2eq2-trdu.json,43,8
/user/bigdata/nyc_open_data/2fra-mtpn.json,468761,24
/user/bigdata/nyc_open_data/2fws-68t6.json,230,73
/user/bigdata/nyc_open_data/2gjq-v9z9.json,83,15
/user/bigdata/nyc_open_data/2iia-33q9.json,30,13
/user/bigdata/nyc_open_data/2ij3-wj64.json,15,7
/user/bigdata/nyc_open_data/2j8u-wtju.json,5669,35
/user/bigdata/nyc_open_data/2jne-kr3f.json,3780,8
/user/bigdata/nyc_open_data/2n4x-d97d.json,2,21
/user/bigdata/nyc_open_data/2np7-5jsg.json,15837001,20
/user/bigdata/nyc_open_data/2p64-jbjs.json,35,15
/user/bigdata/nyc_open_data/2pmj-y4p4.json,9200,40
/user/bigdata/nyc_open_data/2pmt-skyq.json,102,5
/user/bigdata/nyc_open_data/2q48-ip9a.json,221,21
/user/bigdata/nyc_open_data/2r9r-m6j4.json,100,6
/user/bigdata/nyc_open_data/2rd2-9uwy.json,83,4
/user/bigdata/nyc_open_data/2sps-j9st.json,49649,9
/user/bigdata/nyc_open_data/2t2c-qih9.json,8778,13
/user/bigdata/nyc_open_data/2t32-hbca.json,65,46
/user/bigdata/nyc_open_data/2uk5-v8da.json,84,15
/user/bigdata/nyc_open_data/2v9c-2k7f.json,81423,10
/user/bigdata/nyc_open_data/2vha-97jm.json,4290,11
/user/bigdata/nyc_open_data/2x8v-d8nh.json,1743,32
/user/bigdata/nyc_open_data/2xh6-psuq.json,8185,14
/user/bigdata/nyc_open_data/2xir-kwzz.json,20109,6
/user/bigdata/nyc_open_data/2zbg-i8fx.json,26,69
/user/bigdata/nyc_open_data/32y8-s55c.json,1169,4
/user/bigdata/nyc_open_data/32yu-maz2.json,49,4
/user/bigdata/nyc_open_data/33c5-b922.json,300,11
/user/bigdata/nyc_open_data/33db-aeds.json,115,6
/user/bigdata/nyc_open_data/34zf-iv73.json,282,7
/user/bigdata/nyc_open_data/35f6-8qd2.json,8,15
/user/bigdata/nyc_open_data/35fd-ehz6.json,22,7
/user/bigdata/nyc_open_data/35sw-rdxj.json,80,18
/user/bigdata/nyc_open_data/366m-74zg.json,9,4
/user/bigdata/nyc_open_data/36hn-wea6.json,20,18
/user/bigdata/nyc_open_data/37cg-gxjd.json,4336,6
/user/bigdata/nyc_open_data/37fm-7uaa.json,2,17
/user/bigdata/nyc_open_data/37it-gmcp.json,51,31
/user/bigdata/nyc_open_data/38ib-pjw5.json,46,22
/user/bigdata/nyc_open_data/3955-c36a.json,42,3
/user/bigdata/nyc_open_data/39g5-gbp3.json,3769,31
/user/bigdata/nyc_open_data/39pe-uzy3.json,6,4
/user/bigdata/nyc_open_data/39qw-754y.json,1274,13
/user/bigdata/nyc_open_data/3av7-txd8.json,60,3
/user/bigdata/nyc_open_data/3bpc-wa5v.json,5,13
/user/bigdata/nyc_open_data/3btx-p4av.json,2631,45
/user/bigdata/nyc_open_data/3cn8-i54i.json,72,16
/user/bigdata/nyc_open_data/3f5y-5web.json,55,3
/user/bigdata/nyc_open_data/3gkd-ddzn.json,12,17
/user/bigdata/nyc_open_data/3h2n-5cm9.json,1952965,18
/user/bigdata/nyc_open_data/3kav-a6u5.json,3591,17
/user/bigdata/nyc_open_data/3kcn-nsb5.json,168,15
/user/bigdata/nyc_open_data/3khw-qi8f.json,35865,38
/user/bigdata/nyc_open_data/3mim-bd27.json,654,21
/user/bigdata/nyc_open_data/3miu-myq2.json,435,45
/user/bigdata/nyc_open_data/3mji-gpg5.json,60,3
/user/bigdata/nyc_open_data/3mrr-8h5c.json,33461,16
/user/bigdata/nyc_open_data/3nja-bsch.json,43,22
/user/bigdata/nyc_open_data/3nw7-5vkw.json,140,15
/user/bigdata/nyc_open_data/3pge-73vq.json,2240,16
/user/bigdata/nyc_open_data/3pzk-fyqp.json,51,2
/user/bigdata/nyc_open_data/3qfc-4tta.json,69,70
/user/bigdata/nyc_open_data/3qty-g4aq.json,24,6
/user/bigdata/nyc_open_data/3rfa-3xsf.json,1783133,52
/user/bigdata/nyc_open_data/3spy-rjpw.json,256,17
/user/bigdata/nyc_open_data/3tfu-x2qk.json,116731,16
/user/bigdata/nyc_open_data/3ups-txji.json,323,8
/user/bigdata/nyc_open_data/3vvi-fwjs.json,11,4
/user/bigdata/nyc_open_data/3wxk-qa8q.json,1526,7
/user/bigdata/nyc_open_data/42et-jh9v.json,422,17
/user/bigdata/nyc_open_data/432v-a7hc.json,5,23
/user/bigdata/nyc_open_data/436j-ja87.json,38076,17
/user/bigdata/nyc_open_data/43ab-v68i.json,72,57
/user/bigdata/nyc_open_data/43nn-pn8j.json,376013,18
/user/bigdata/nyc_open_data/43qc-8vv8.json,1835,16
/user/bigdata/nyc_open_data/46g3-savk.json,561699,7
/user/bigdata/nyc_open_data/46m8-77gv.json,506,11
/user/bigdata/nyc_open_data/46vt-ugs9.json,20,7
/user/bigdata/nyc_open_data/478a-yykk.json,5413,7
/user/bigdata/nyc_open_data/483x-fy9e.json,8,4
/user/bigdata/nyc_open_data/48ka-f6z6.json,350,16
/user/bigdata/nyc_open_data/48pb-zy2g.json,6,17
/user/bigdata/nyc_open_data/49kg-8sce.json,3136,16
/user/bigdata/nyc_open_data/4axi-di9c.json,2688,16
/user/bigdata/nyc_open_data/4bew-e6kg.json,78,15
/user/bigdata/nyc_open_data/4d7f-74pe.json,67643,27
/user/bigdata/nyc_open_data/4e2n-s75z.json,55950,74
/user/bigdata/nyc_open_data/4e8h-wu86.json,180,4
/user/bigdata/nyc_open_data/4epu-t832.json,60,3
/user/bigdata/nyc_open_data/4fnu-iufz.json,23748,20
/user/bigdata/nyc_open_data/4fsz-s7id.json,60,3
/user/bigdata/nyc_open_data/4fvw-nn9c.json,136266,8
/user/bigdata/nyc_open_data/4g4r-7dfb.json,251,5
/user/bigdata/nyc_open_data/4kse-vfnd.json,210,16
/user/bigdata/nyc_open_data/4n2j-ut8i.json,1677,17
/user/bigdata/nyc_open_data/4nft-bihw.json,8705,9
/user/bigdata/nyc_open_data/4pt5-3vv4.json,435663,25
/user/bigdata/nyc_open_data/4px5-vncp.json,15,7
/user/bigdata/nyc_open_data/4rix-z2af.json,2,26
/user/bigdata/nyc_open_data/4s7y-vm5x.json,513,8
/user/bigdata/nyc_open_data/4se9-mk53.json,20,2
/user/bigdata/nyc_open_data/4se9-u6dw.json,7,7
/user/bigdata/nyc_open_data/4snd-in5m.json,1811,27
/user/bigdata/nyc_open_data/4tqt-y424.json,630,5
/user/bigdata/nyc_open_data/4vsa-fhnm.json,36,11
/user/bigdata/nyc_open_data/4wf2-7kdu.json,30,23
/user/bigdata/nyc_open_data/4y9q-t4wb.json,1156,13
/user/bigdata/nyc_open_data/4ynw-b9aj.json,2240,16
/user/bigdata/nyc_open_data/4zdr-zwdi.json,61,13
/user/bigdata/nyc_open_data/52dp-yji6.json,53908,21
/user/bigdata/nyc_open_data/54k3-2wtq.json,70,15
/user/bigdata/nyc_open_data/56b7-s9t5.json,1976,8
/user/bigdata/nyc_open_data/56bx-u7iw.json,9,60
/user/bigdata/nyc_open_data/56e3-rp8d.json,33,11
/user/bigdata/nyc_open_data/56u5-n9sa.json,55,17
/user/bigdata/nyc_open_data/56u9-ryj4.json,65,18
/user/bigdata/nyc_open_data/57mv-nv28.json,5580035,24
/user/bigdata/nyc_open_data/59kj-x8nc.json,150270,24
/user/bigdata/nyc_open_data/59t5-r7nb.json,2174,16
/user/bigdata/nyc_open_data/5b3a-rs48.json,5899,5
/user/bigdata/nyc_open_data/5brf-q9de.json,1644,13
/user/bigdata/nyc_open_data/5c4s-jwtq.json,264,2
/user/bigdata/nyc_open_data/5c5x-3qz9.json,490,16
/user/bigdata/nyc_open_data/5c95-uqu5.json,202,12
/user/bigdata/nyc_open_data/5c9e-33xj.json,54,3
/user/bigdata/nyc_open_data/5e24-x4wa.json,114,19
/user/bigdata/nyc_open_data/5fkx-9rt5.json,4,6
/user/bigdata/nyc_open_data/5fn2-n363.json,2598,9
/user/bigdata/nyc_open_data/5fn4-dr26.json,57021,23
/user/bigdata/nyc_open_data/5fsg-d8c9.json,1795,8
/user/bigdata/nyc_open_data/5g59-fxev.json,13887,8
/user/bigdata/nyc_open_data/5gde-fmj3.json,14112,23
/user/bigdata/nyc_open_data/5gxs-yzxw.json,1470,9
/user/bigdata/nyc_open_data/5hiy-kwc2.json,350,16
/user/bigdata/nyc_open_data/5i9t-mvdt.json,21,15
/user/bigdata/nyc_open_data/5jat-czce.json,2507,6
/user/bigdata/nyc_open_data/5jwd-xj5z.json,21,2
/user/bigdata/nyc_open_data/5mw2-hzqx.json,595,46
/user/bigdata/nyc_open_data/5pbr-mxtd.json,125,9
/user/bigdata/nyc_open_data/5ps9-yuef.json,19,7
/user/bigdata/nyc_open_data/5qbe-4vqd.json,192,69
/user/bigdata/nyc_open_data/5qrc-eb74.json,7759,35
/user/bigdata/nyc_open_data/5qza-frfc.json,2240,16
/user/bigdata/nyc_open_data/5r5y-pvs3.json,34,190
/user/bigdata/nyc_open_data/5rsf-y7wv.json,2006182,52
/user/bigdata/nyc_open_data/5t4n-d72c.json,32,3
/user/bigdata/nyc_open_data/5tub-eh45.json,178557,7
/user/bigdata/nyc_open_data/5uac-w243.json,468761,24
/user/bigdata/nyc_open_data/5uug-f49n.json,81688,100
/user/bigdata/nyc_open_data/5yay-3jd5.json,41,8
/user/bigdata/nyc_open_data/6246-94tp.json,2473,7
/user/bigdata/nyc_open_data/62mr-ukqs.json,960,45
/user/bigdata/nyc_open_data/63us-eqtq.json,766,5
/user/bigdata/nyc_open_data/64gx-bycn.json,122836,58
/user/bigdata/nyc_open_data/64pu-zyr2.json,1743,237
/user/bigdata/nyc_open_data/64px-8x4k.json,13,7
/user/bigdata/nyc_open_data/656a-faqy.json,172,14
/user/bigdata/nyc_open_data/65js-fhgz.json,60,3
/user/bigdata/nyc_open_data/664m-n5th.json,5,16
/user/bigdata/nyc_open_data/66be-66yr.json,26063,25
/user/bigdata/nyc_open_data/66qr-66q7.json,3014,0
/user/bigdata/nyc_open_data/66yh-nemi.json,261,14
/user/bigdata/nyc_open_data/68rr-d3jr.json,59,2
/user/bigdata/nyc_open_data/69bm-3bc2.json,1147,53
/user/bigdata/nyc_open_data/69wu-b929.json,106,9
/user/bigdata/nyc_open_data/6anw-twe4.json,13130,28
/user/bigdata/nyc_open_data/6ayi-u3p7.json,53,7
/user/bigdata/nyc_open_data/6bgk-3dad.json,1266453,46
/user/bigdata/nyc_open_data/6bic-qvek.json,236,46
/user/bigdata/nyc_open_data/6bzx-emuu.json,184,28
/user/bigdata/nyc_open_data/6ctv-n46c.json,1000,6
/user/bigdata/nyc_open_data/6dn9-qgma.json,6,3
/user/bigdata/nyc_open_data/6ggx-itps.json,24,15
/user/bigdata/nyc_open_data/6gre-fvg9.json,2240,16
/user/bigdata/nyc_open_data/6j6t-3ixh.json,412,8
/user/bigdata/nyc_open_data/6jad-5sav.json,26808,24
/user/bigdata/nyc_open_data/6kcb-9g8d.json,484,251
/user/bigdata/nyc_open_data/6kks-jijx.json,537,10
/user/bigdata/nyc_open_data/6m3u-8rbh.json,26,10
/user/bigdata/nyc_open_data/6m56-5mfb.json,23,7
/user/bigdata/nyc_open_data/6nxj-n6t5.json,245905,53
/user/bigdata/nyc_open_data/6pwv-zmgh.json,2,12
/user/bigdata/nyc_open_data/6qaj-niew.json,70,15
/user/bigdata/nyc_open_data/6qzy-b4x8.json,5,7
/user/bigdata/nyc_open_data/6r4h-c2y6.json,30,29
/user/bigdata/nyc_open_data/6r8r-c474.json,60,3
/user/bigdata/nyc_open_data/6rg9-pfbz.json,70,18
/user/bigdata/nyc_open_data/6rrm-vxj9.json,1869,33
/user/bigdata/nyc_open_data/6ryg-d2jg.json,14,7
/user/bigdata/nyc_open_data/6smc-7mk6.json,41,19
/user/bigdata/nyc_open_data/6teu-xtgp.json,254286,7
/user/bigdata/nyc_open_data/6u6h-px7z.json,20,5
/user/bigdata/nyc_open_data/6v9u-ndjg.json,160,2
/user/bigdata/nyc_open_data/6wcu-cfa3.json,18944,15
/user/bigdata/nyc_open_data/6wee-b7wf.json,108,14
/user/bigdata/nyc_open_data/6wkw-kjx4.json,6,6
/user/bigdata/nyc_open_data/6wve-ubwx.json,3,4
/user/bigdata/nyc_open_data/6y3e-jcrc.json,7330613,6
/user/bigdata/nyc_open_data/7299-2etw.json,9,5
/user/bigdata/nyc_open_data/72db-huua.json,98,15
/user/bigdata/nyc_open_data/72mk-a8z7.json,8991,4
/user/bigdata/nyc_open_data/72n5-tp5u.json,32,7
/user/bigdata/nyc_open_data/72ss-25qh.json,599,31
/user/bigdata/nyc_open_data/72vt-ykjc.json,130,4
/user/bigdata/nyc_open_data/733r-da8r.json,70,15
/user/bigdata/nyc_open_data/735p-zed8.json,146992,51
/user/bigdata/nyc_open_data/73bd-vkmx.json,15,18
/user/bigdata/nyc_open_data/7479-ugqb.json,8659,13
/user/bigdata/nyc_open_data/752y-qk8b.json,3911,9
/user/bigdata/nyc_open_data/75e9-fg2t.json,12336,5
/user/bigdata/nyc_open_data/767e-4ijc.json,11,4
/user/bigdata/nyc_open_data/76bs-46w6.json,973,0
/user/bigdata/nyc_open_data/76xm-jjuj.json,7023225,32
/user/bigdata/nyc_open_data/77d2-9ebr.json,13,46
/user/bigdata/nyc_open_data/78sp-6jhj.json,57,4
/user/bigdata/nyc_open_data/799n-b76v.json,83,23
/user/bigdata/nyc_open_data/7agf-bcsq.json,3014,29
/user/bigdata/nyc_open_data/7ahn-ypff.json,9236655,0
/user/bigdata/nyc_open_data/7atn-adw6.json,12,11
/user/bigdata/nyc_open_data/7atx-5a3s.json,2124,17
/user/bigdata/nyc_open_data/7btz-mnc8.json,2031,10
/user/bigdata/nyc_open_data/7ceq-6nwu.json,209,11
/user/bigdata/nyc_open_data/7crd-d9xh.json,437,67
/user/bigdata/nyc_open_data/7drd-wqcf.json,799,23
/user/bigdata/nyc_open_data/7ewi-9cdf.json,274,5
/user/bigdata/nyc_open_data/7fnf-kyf4.json,163,7
/user/bigdata/nyc_open_data/7ggc-ypzi.json,70,15
/user/bigdata/nyc_open_data/7gmq-dbas.json,516989,0
/user/bigdata/nyc_open_data/7gvw-m7zn.json,52725,17
/user/bigdata/nyc_open_data/7h99-xsqt.json,1206,11
/user/bigdata/nyc_open_data/7hgn-sgmk.json,118,6
/user/bigdata/nyc_open_data/7hi3-kaps.json,60,5
/user/bigdata/nyc_open_data/7iqe-jary.json,3,5
/user/bigdata/nyc_open_data/7iqz-npua.json,368,4
/user/bigdata/nyc_open_data/7isb-wh4c.json,123,7
/user/bigdata/nyc_open_data/7jkp-5w5g.json,273,10
/user/bigdata/nyc_open_data/7jpv-q9e2.json,45631,17
/user/bigdata/nyc_open_data/7k2e-ht2j.json,831,6
/user/bigdata/nyc_open_data/7k5d-rk33.json,47420,17
/user/bigdata/nyc_open_data/7kc8-z939.json,514,18
/user/bigdata/nyc_open_data/7m8q-jgtg.json,23,4
/user/bigdata/nyc_open_data/7r6i-tdj2.json,107,9
/user/bigdata/nyc_open_data/7ree-jtaa.json,60,3
/user/bigdata/nyc_open_data/7s3q-rztu.json,57,7
/user/bigdata/nyc_open_data/7scx-rfrp.json,1715,71
/user/bigdata/nyc_open_data/7su9-xgtn.json,5,17
/user/bigdata/nyc_open_data/7t6i-mkth.json,212,5
/user/bigdata/nyc_open_data/7u63-ib3x.json,64575,9
/user/bigdata/nyc_open_data/7ub6-8ecn.json,1,6
/user/bigdata/nyc_open_data/7ujc-hpzg.json,3,18
/user/bigdata/nyc_open_data/7uuj-b95m.json,1599,14
/user/bigdata/nyc_open_data/7vy4-ats6.json,490,16
/user/bigdata/nyc_open_data/7xjx-2mhj.json,2989,5
/user/bigdata/nyc_open_data/7xq6-k6zy.json,1265,11
/user/bigdata/nyc_open_data/7yay-m4ae.json,1488,7
/user/bigdata/nyc_open_data/7yc5-fec2.json,6924,70
/user/bigdata/nyc_open_data/7yds-6i8e.json,658,9
/user/bigdata/nyc_open_data/7yig-nj52.json,1568,16
/user/bigdata/nyc_open_data/7z8d-msnt.json,35,3
/user/bigdata/nyc_open_data/7zb8-7bpk.json,19,5
/user/bigdata/nyc_open_data/7zhs-43jt.json,27,35
/user/bigdata/nyc_open_data/825b-niea.json,168,15
/user/bigdata/nyc_open_data/82rt-zc4y.json,3335,10
/user/bigdata/nyc_open_data/82zj-84is.json,841373,35
/user/bigdata/nyc_open_data/83kr-sbhe.json,17,5
/user/bigdata/nyc_open_data/83z6-smyr.json,200,14
/user/bigdata/nyc_open_data/8586-3zfm.json,1165,21
/user/bigdata/nyc_open_data/85ty-ti6v.json,1344,16
/user/bigdata/nyc_open_data/867j-5pgi.json,73433,20
/user/bigdata/nyc_open_data/87b8-3t9t.json,192,64
/user/bigdata/nyc_open_data/87fx-28ei.json,61323,21
/user/bigdata/nyc_open_data/87hk-978a.json,37,15
/user/bigdata/nyc_open_data/87y3-sqsx.json,2688,16
/user/bigdata/nyc_open_data/88ds-ti7k.json,21,6
/user/bigdata/nyc_open_data/89di-hi4s.json,49,15
/user/bigdata/nyc_open_data/89j6-bdde.json,5,7
/user/bigdata/nyc_open_data/8a4n-zmpj.json,2273,10
/user/bigdata/nyc_open_data/8b9a-pywy.json,8320,13
/user/bigdata/nyc_open_data/8dhd-zvi6.json,285,11
/user/bigdata/nyc_open_data/8dxm-n5ha.json,60,3
/user/bigdata/nyc_open_data/8fei-z6rz.json,61653,19
/user/bigdata/nyc_open_data/8fj8-3sgg.json,27329,4
/user/bigdata/nyc_open_data/8g9r-zz89.json,7,11
/user/bigdata/nyc_open_data/8gpu-s594.json,5264,17
/user/bigdata/nyc_open_data/8gqz-6v9v.json,171,19
/user/bigdata/nyc_open_data/8gr8-ngjc.json,5319,6
/user/bigdata/nyc_open_data/8h5j-fqxa.json,18777394,14
/user/bigdata/nyc_open_data/8hkx-uppz.json,29,5
/user/bigdata/nyc_open_data/8isn-pgv3.json,4789,42
/user/bigdata/nyc_open_data/8ius-dhrr.json,2168,7
/user/bigdata/nyc_open_data/8jfz-tjny.json,1694,13
/user/bigdata/nyc_open_data/8k4x-9mp5.json,7562,8
/user/bigdata/nyc_open_data/8kiv-2ukd.json,8,4
/user/bigdata/nyc_open_data/8m42-w767.json,2755750,29
/user/bigdata/nyc_open_data/8nqg-ia7v.json,859,29
/user/bigdata/nyc_open_data/8qgy-ka3v.json,405,8
/user/bigdata/nyc_open_data/8qru-nyj8.json,22,3
/user/bigdata/nyc_open_data/8r6c-ydwk.json,23,16
/user/bigdata/nyc_open_data/8sdw-8vja.json,1254899,57
/user/bigdata/nyc_open_data/8tdh-66hm.json,9677562,0
/user/bigdata/nyc_open_data/8te3-bhtv.json,880,17
/user/bigdata/nyc_open_data/8tjs-webf.json,1601863,78
/user/bigdata/nyc_open_data/8u85-k342.json,576,6
/user/bigdata/nyc_open_data/8u86-bviy.json,11746,60
/user/bigdata/nyc_open_data/8vgb-zm6e.json,27312,40
/user/bigdata/nyc_open_data/8vv7-7wx3.json,10346,5
/user/bigdata/nyc_open_data/8wau-idzf.json,1381,5
/user/bigdata/nyc_open_data/8wbx-tsch.json,106601,23
/user/bigdata/nyc_open_data/8wpj-vk59.json,13,7
/user/bigdata/nyc_open_data/8yac-vygm.json,31430,14
/user/bigdata/nyc_open_data/922w-z7da.json,5081,23
/user/bigdata/nyc_open_data/93d2-wh7s.json,3051,4
/user/bigdata/nyc_open_data/93hz-wi47.json,45,16
/user/bigdata/nyc_open_data/948r-3ads.json,157,8
/user/bigdata/nyc_open_data/94g4-w6xz.json,46,3
/user/bigdata/nyc_open_data/94ka-ussk.json,5,11
/user/bigdata/nyc_open_data/94ri-3ium.json,256157,8
/user/bigdata/nyc_open_data/956m-xy24.json,1025,46
/user/bigdata/nyc_open_data/97iw-vtbx.json,23,45
/user/bigdata/nyc_open_data/97pn-acdf.json,114,9
/user/bigdata/nyc_open_data/97zg-4p9t.json,817,20
/user/bigdata/nyc_open_data/996g-i4kh.json,14,2
/user/bigdata/nyc_open_data/99br-frp6.json,208,18
/user/bigdata/nyc_open_data/99ez-fwvc.json,27,11
/user/bigdata/nyc_open_data/99gz-6gpw.json,110,4
/user/bigdata/nyc_open_data/9a87-6m4x.json,432,22
/user/bigdata/nyc_open_data/9ae4-niad.json,45,17
/user/bigdata/nyc_open_data/9ay9-xkek.json,6583,11
/user/bigdata/nyc_open_data/9b9u-8989.json,5000,9
/user/bigdata/nyc_open_data/9bmk-bbj5.json,42,15
/user/bigdata/nyc_open_data/9btm-sxj3.json,1742,10
/user/bigdata/nyc_open_data/9ct9-prf9.json,478,5
/user/bigdata/nyc_open_data/9cvd-uyw6.json,1743,12
/user/bigdata/nyc_open_data/9cw8-7heb.json,71284,3
/user/bigdata/nyc_open_data/9d9t-bmk7.json,29,16
/user/bigdata/nyc_open_data/9ddq-vbjj.json,27,7
/user/bigdata/nyc_open_data/9ev8-8rz6.json,55,3
/user/bigdata/nyc_open_data/9f25-223x.json,2499,8
/user/bigdata/nyc_open_data/9f5k-vxxv.json,8,18
/user/bigdata/nyc_open_data/9gzt-8w5q.json,12,5
/user/bigdata/nyc_open_data/9h95-gife.json,1743,12
/user/bigdata/nyc_open_data/9ht6-44eh.json,31,7
/user/bigdata/nyc_open_data/9hyh-zkx9.json,163,39
/user/bigdata/nyc_open_data/9hzi-kbqb.json,161078,0
/user/bigdata/nyc_open_data/9jbx-hna8.json,116,5
/user/bigdata/nyc_open_data/9jf7-zn7b.json,24,8
/user/bigdata/nyc_open_data/9k82-ys7w.json,29295,11
/user/bigdata/nyc_open_data/9m35-jch2.json,287,14
/user/bigdata/nyc_open_data/9mhd-na2n.json,5,3
/user/bigdata/nyc_open_data/9mjx-v8ip.json,162,11
/user/bigdata/nyc_open_data/9p4w-7npp.json,5696031,5
/user/bigdata/nyc_open_data/9rz4-mjek.json,50737,12
/user/bigdata/nyc_open_data/9s68-zggy.json,27,46
/user/bigdata/nyc_open_data/9sfa-4geq.json,23,45
/user/bigdata/nyc_open_data/9sys-2i9y.json,240,4
/user/bigdata/nyc_open_data/9tth-ctyd.json,19,13
/user/bigdata/nyc_open_data/9umc-3b2y.json,149,21
/user/bigdata/nyc_open_data/9vgx-wa3i.json,44919,17
/user/bigdata/nyc_open_data/9z9b-6hvk.json,91,22
/user/bigdata/nyc_open_data/a2nf-cvfm.json,210,16
/user/bigdata/nyc_open_data/a2nx-4u46.json,2427270,18
/user/bigdata/nyc_open_data/a3vc-fsgj.json,1885,0
/user/bigdata/nyc_open_data/a5qt-5jpu.json,24,46
/user/bigdata/nyc_open_data/a5ru-ygsr.json,40,4
/user/bigdata/nyc_open_data/a6kg-wufg.json,262,4
/user/bigdata/nyc_open_data/a6nj-cfbz.json,323,19
/user/bigdata/nyc_open_data/a6zp-tcs3.json,2284,11
/user/bigdata/nyc_open_data/a8rp-fpnn.json,10,17
/user/bigdata/nyc_open_data/a8wp-rerh.json,160781,20
/user/bigdata/nyc_open_data/a94k-kjys.json,88,14
/user/bigdata/nyc_open_data/a9es-3fcm.json,7,4
/user/bigdata/nyc_open_data/a9md-ynri.json,686289,21
/user/bigdata/nyc_open_data/aa5e-digs.json,4215,10
/user/bigdata/nyc_open_data/aa5u-mys6.json,155,7
/user/bigdata/nyc_open_data/aagv-t6fa.json,200,12
/user/bigdata/nyc_open_data/abgn-8q46.json,154,8
/user/bigdata/nyc_open_data/abnr-s7g4.json,522,6
/user/bigdata/nyc_open_data/ac4n-c5re.json,1819,39
/user/bigdata/nyc_open_data/ad4c-mphb.json,1068,46
/user/bigdata/nyc_open_data/ae5u-upr6.json,3135,32
/user/bigdata/nyc_open_data/afsf-hz68.json,259,7
/user/bigdata/nyc_open_data/ahjc-fdu3.json,1818,39
/user/bigdata/nyc_open_data/aht6-vxai.json,232072,10
/user/bigdata/nyc_open_data/aiww-p3af.json,1882407,52
/user/bigdata/nyc_open_data/ajxm-kzmj.json,536,17
/user/bigdata/nyc_open_data/an6v-iuem.json,5,6
/user/bigdata/nyc_open_data/arhf-esqb.json,23,4
/user/bigdata/nyc_open_data/arzb-yfdv.json,4288,11
/user/bigdata/nyc_open_data/au2v-djg4.json,4,2
/user/bigdata/nyc_open_data/auuc-fqzi.json,2,26
/user/bigdata/nyc_open_data/av3y-hmjv.json,26,9
/user/bigdata/nyc_open_data/avhb-5jhc.json,399399,25
/user/bigdata/nyc_open_data/avir-tzek.json,385,22
/user/bigdata/nyc_open_data/avsi-2fp7.json,15055,24
/user/bigdata/nyc_open_data/axmw-6kmf.json,5,7
/user/bigdata/nyc_open_data/ay9k-vznm.json,198,22
/user/bigdata/nyc_open_data/ayeb-p4mv.json,25,23
/user/bigdata/nyc_open_data/az65-9z36.json,60,3
/user/bigdata/nyc_open_data/azp6-hepu.json,16,6
/user/bigdata/nyc_open_data/azyf-k3d6.json,4,6
/user/bigdata/nyc_open_data/b2gb-nkrq.json,47,6
/user/bigdata/nyc_open_data/b2sp-asbg.json,41,14
/user/bigdata/nyc_open_data/b2y5-dstf.json,6,13
/user/bigdata/nyc_open_data/b37b-brfu.json,24,45
/user/bigdata/nyc_open_data/b3qc-c6fh.json,10,5
/user/bigdata/nyc_open_data/b3wh-m425.json,31,13
/user/bigdata/nyc_open_data/b59s-jsgk.json,91,22
/user/bigdata/nyc_open_data/b9e9-2we4.json,2688,16
/user/bigdata/nyc_open_data/b9km-gdpy.json,161078,11
/user/bigdata/nyc_open_data/b9uf-7skp.json,68028,16
/user/bigdata/nyc_open_data/bawj-6bgn.json,66,46
/user/bigdata/nyc_open_data/bbg6-wf44.json,1743,12
/user/bigdata/nyc_open_data/bbs3-q5us.json,146112,61
/user/bigdata/nyc_open_data/bbvw-ivc8.json,6,11
/user/bigdata/nyc_open_data/bdjm-n7q4.json,327756,52
/user/bigdata/nyc_open_data/bexe-qnej.json,14,7
/user/bigdata/nyc_open_data/bfiu-cc7d.json,75,3
/user/bigdata/nyc_open_data/bhwu-wuzu.json,7695,21
/user/bigdata/nyc_open_data/bj6m-ydtj.json,6,5
/user/bigdata/nyc_open_data/bjmk-35w5.json,1376,7
/user/bigdata/nyc_open_data/bjuu-44hx.json,674635,51
/user/bigdata/nyc_open_data/bkfu-528j.json,576587,12
/user/bigdata/nyc_open_data/bkwf-xfky.json,46029,11
/user/bigdata/nyc_open_data/bmhe-urrg.json,1743,12
/user/bigdata/nyc_open_data/bmxf-3rd4.json,5,13
/user/bigdata/nyc_open_data/bn89-icuy.json,27,7
/user/bigdata/nyc_open_data/bnx9-e6tj.json,14324616,14
/user/bigdata/nyc_open_data/bquu-z2ht.json,665,35
/user/bigdata/nyc_open_data/bs8b-p36w.json,82772,25
/user/bigdata/nyc_open_data/bss9-579f.json,717,60
/user/bigdata/nyc_open_data/bty7-2jhb.json,2428526,54
/user/bigdata/nyc_open_data/bvi5-pdi9.json,1122873,52
/user/bigdata/nyc_open_data/bvna-6j7v.json,25,17
/user/bigdata/nyc_open_data/bwhw-9jek.json,22806,3
/user/bigdata/nyc_open_data/bws2-q2sb.json,1,6
/user/bigdata/nyc_open_data/by6m-6zpb.json,744,22
/user/bigdata/nyc_open_data/bzjf-rmtp.json,9,9
/user/bigdata/nyc_open_data/c2v8-zzjq.json,14,7
/user/bigdata/nyc_open_data/c39u-es35.json,70411,5
/user/bigdata/nyc_open_data/c3uy-2p5r.json,2769,9
/user/bigdata/nyc_open_data/c3v8-5x25.json,71284,0
/user/bigdata/nyc_open_data/c3ya-2ywy.json,1860,19
/user/bigdata/nyc_open_data/c49b-3kmd.json,119,5
/user/bigdata/nyc_open_data/c4pu-cif5.json,10,14
/user/bigdata/nyc_open_data/c5mf-k73g.json,18,7
/user/bigdata/nyc_open_data/c5sh-m8tb.json,84,15
/user/bigdata/nyc_open_data/c5up-ki6j.json,3169,10
/user/bigdata/nyc_open_data/c72z-kzbi.json,58385,16
/user/bigdata/nyc_open_data/c87b-2j3i.json,23,4
/user/bigdata/nyc_open_data/caav-grv8.json,21380,7
/user/bigdata/nyc_open_data/ccab-jb4k.json,18,11
/user/bigdata/nyc_open_data/cete-9g3v.json,9,14
/user/bigdata/nyc_open_data/cfzn-4iza.json,206,30
/user/bigdata/nyc_open_data/cgz5-877h.json,1686,20
/user/bigdata/nyc_open_data/chv4-k4fa.json,464,17
/user/bigdata/nyc_open_data/ci93-uc8s.json,6276,46
/user/bigdata/nyc_open_data/cj5g-iwxb.json,3,7
/user/bigdata/nyc_open_data/ck4n-5h6x.json,26197,19
/user/bigdata/nyc_open_data/ckue-grzy.json,12372,9
/user/bigdata/nyc_open_data/cma4-zi8m.json,8105,23
/user/bigdata/nyc_open_data/cp6j-7bjj.json,20968,19
/user/bigdata/nyc_open_data/cqhy-d5cj.json,21,7
/user/bigdata/nyc_open_data/cr93-x2xf.json,222,19
/user/bigdata/nyc_open_data/crbs-vur7.json,306,46
/user/bigdata/nyc_open_data/crns-fw6u.json,536,23
/user/bigdata/nyc_open_data/cs9m-cz6f.json,98,15
/user/bigdata/nyc_open_data/cspg-yi7g.json,295471,20
/user/bigdata/nyc_open_data/cu8c-kkz7.json,20,5
/user/bigdata/nyc_open_data/cw88-qpsr.json,771,18
/user/bigdata/nyc_open_data/cwg5-cqkm.json,975,45
/user/bigdata/nyc_open_data/cwjt-kigp.json,6,13
/user/bigdata/nyc_open_data/cwjy-rrh3.json,604,35
/user/bigdata/nyc_open_data/cwqt-nvfg.json,119,6
/user/bigdata/nyc_open_data/cwx7-agsh.json,8064,45
/user/bigdata/nyc_open_data/cxcv-mgtn.json,45,3
/user/bigdata/nyc_open_data/cyfw-hfqk.json,24,46
/user/bigdata/nyc_open_data/cz36-mpdq.json,5376,16
/user/bigdata/nyc_open_data/d33y-i2m7.json,147,19
/user/bigdata/nyc_open_data/d3ge-anaz.json,25476,16
/user/bigdata/nyc_open_data/d4iy-9uh7.json,536,15
/user/bigdata/nyc_open_data/d4uz-6jaw.json,10,2
/user/bigdata/nyc_open_data/d5zb-ragj.json,32016,6
/user/bigdata/nyc_open_data/d68p-5js9.json,1820,16
/user/bigdata/nyc_open_data/d6ee-k2sh.json,230,4
/user/bigdata/nyc_open_data/d72n-ivax.json,98,15
/user/bigdata/nyc_open_data/d84z-5kap.json,19,3
/user/bigdata/nyc_open_data/d8cz-kh5x.json,10,7
/user/bigdata/nyc_open_data/da9u-wz3r.json,1635,10
/user/bigdata/nyc_open_data/dbs9-fgqs.json,1571,3
/user/bigdata/nyc_open_data/dd6w-hnq9.json,3603,454
/user/bigdata/nyc_open_data/ddpx-u5dz.json,1342,11
/user/bigdata/nyc_open_data/de8q-estm.json,141,27
/user/bigdata/nyc_open_data/dfad-fpwf.json,11,2
/user/bigdata/nyc_open_data/dftr-3bf5.json,41,6
/user/bigdata/nyc_open_data/dg7a-jiz2.json,17864,11
/user/bigdata/nyc_open_data/dg92-zbpx.json,419918,37
/user/bigdata/nyc_open_data/dgg9-jkx8.json,9,3
/user/bigdata/nyc_open_data/dhs7-q59e.json,464,17
/user/bigdata/nyc_open_data/di8r-g5w9.json,110,22
/user/bigdata/nyc_open_data/did2-qzw3.json,29111,17
/user/bigdata/nyc_open_data/dj4e-3xrn.json,1683,20
/user/bigdata/nyc_open_data/dk7q-942i.json,270,0
/user/bigdata/nyc_open_data/dn64-92ub.json,6,5
/user/bigdata/nyc_open_data/dp2s-vccd.json,227,6
/user/bigdata/nyc_open_data/dpec-ucu7.json,7474,12
/user/bigdata/nyc_open_data/dsg6-ifza.json,55977,36
/user/bigdata/nyc_open_data/dt2z-amuf.json,23,23
/user/bigdata/nyc_open_data/dtfq-bfpc.json,420,16
/user/bigdata/nyc_open_data/ducj-28wv.json,3136,16
/user/bigdata/nyc_open_data/dvaj-b7yx.json,10667,55
/user/bigdata/nyc_open_data/dvzp-h4k9.json,1381,70
/user/bigdata/nyc_open_data/dxnu-p2qd.json,8604,10
/user/bigdata/nyc_open_data/dzgh-ja44.json,1165,20
/user/bigdata/nyc_open_data/e25p-jzfy.json,108448,29
/user/bigdata/nyc_open_data/e266-vpg7.json,12,3
/user/bigdata/nyc_open_data/e2ey-aicw.json,202,12
/user/bigdata/nyc_open_data/e4ej-j6hn.json,805,3
/user/bigdata/nyc_open_data/e4p3-6ecr.json,10932,12
/user/bigdata/nyc_open_data/e4ss-s2zn.json,48,4
/user/bigdata/nyc_open_data/e544-259w.json,4480,16
/user/bigdata/nyc_open_data/e649-r223.json,462,19
/user/bigdata/nyc_open_data/e64w-ctmw.json,529,18
/user/bigdata/nyc_open_data/e7rh-dmb4.json,140,15
/user/bigdata/nyc_open_data/e8jc-rs3b.json,290906,53
/user/bigdata/nyc_open_data/e98g-f8hy.json,96963,11
/user/bigdata/nyc_open_data/eabe-havv.json,1276403,15
/user/bigdata/nyc_open_data/easq-ubfe.json,58528,41
/user/bigdata/nyc_open_data/ebb7-mvp5.json,3009,7
/user/bigdata/nyc_open_data/eccv-9dzr.json,878,15
/user/bigdata/nyc_open_data/ect6-rj3p.json,251,2
/user/bigdata/nyc_open_data/ecvp-uumu.json,1459,11
/user/bigdata/nyc_open_data/eddp-3v5g.json,41189,4
/user/bigdata/nyc_open_data/edx9-hxi8.json,1743,8
/user/bigdata/nyc_open_data/eg59-gdqu.json,1542,4
/user/bigdata/nyc_open_data/eg75-mh9k.json,192,64
/user/bigdata/nyc_open_data/egiq-kmr5.json,25,7
/user/bigdata/nyc_open_data/eivx-q94q.json,20,4
/user/bigdata/nyc_open_data/ek5y-zcyf.json,25,26
/user/bigdata/nyc_open_data/emnd-d8ba.json,1750,39
/user/bigdata/nyc_open_data/emrz-5p35.json,585207,12
/user/bigdata/nyc_open_data/en2c-j6tw.json,48,46
/user/bigdata/nyc_open_data/erra-pzy8.json,1811,5
/user/bigdata/nyc_open_data/erts-eyf6.json,210,12
/user/bigdata/nyc_open_data/esep-hmvs.json,5094,7
/user/bigdata/nyc_open_data/esmb-8zkm.json,4711,8
/user/bigdata/nyc_open_data/esw6-z4id.json,19,18
/user/bigdata/nyc_open_data/evjd-dqpz.json,345,49
/user/bigdata/nyc_open_data/evp6-d8e7.json,3160589,52
/user/bigdata/nyc_open_data/ewg2-2vyd.json,1743,32
/user/bigdata/nyc_open_data/ewmy-2fww.json,175,10
/user/bigdata/nyc_open_data/ex6k-ym48.json,9438,8
/user/bigdata/nyc_open_data/eyk3-bhe9.json,1627,5
/user/bigdata/nyc_open_data/ez4e-fazm.json,209756,21
/user/bigdata/nyc_open_data/ezaf-3uhs.json,18794,9
/user/bigdata/nyc_open_data/f2cz-q2ik.json,240,4
/user/bigdata/nyc_open_data/f364-y3pv.json,1066057,53
/user/bigdata/nyc_open_data/f3u3-q8ea.json,53959,16
/user/bigdata/nyc_open_data/f42p-xqaa.json,962,45
/user/bigdata/nyc_open_data/f4rp-2kvy.json,98034,21
/user/bigdata/nyc_open_data/f4yq-wry5.json,6335,9
/user/bigdata/nyc_open_data/f5zq-eacn.json,24910,11
/user/bigdata/nyc_open_data/f64t-5yiv.json,6,4
/user/bigdata/nyc_open_data/f7b6-v6v3.json,78,15
/user/bigdata/nyc_open_data/f9a8-4jby.json,95,5
/user/bigdata/nyc_open_data/f9bf-2cp4.json,478,6
/user/bigdata/nyc_open_data/fa9x-pfzm.json,1715,0
/user/bigdata/nyc_open_data/fb26-34vu.json,667,9
/user/bigdata/nyc_open_data/fbaw-uq4e.json,14586,41
/user/bigdata/nyc_open_data/fbsa-93dh.json,10,3
/user/bigdata/nyc_open_data/fcau-jc6k.json,48,9
/user/bigdata/nyc_open_data/fdkv-4t4z.json,858822,15
/user/bigdata/nyc_open_data/fdx7-6jsr.json,60,4
/user/bigdata/nyc_open_data/feu5-w2e2.json,670637,15
/user/bigdata/nyc_open_data/ff9v-9yzg.json,60,3
/user/bigdata/nyc_open_data/ffgt-jimk.json,5,13
/user/bigdata/nyc_open_data/ffnc-f3aa.json,1677,17
/user/bigdata/nyc_open_data/ffzt-rdkr.json,2656,16
/user/bigdata/nyc_open_data/fgb7-3q7d.json,13,7
/user/bigdata/nyc_open_data/fgq8-am2v.json,722,31
/user/bigdata/nyc_open_data/fgqh-vfzz.json,73653,3
/user/bigdata/nyc_open_data/fics-ewaq.json,26,7
/user/bigdata/nyc_open_data/fijd-wye8.json,59,18
/user/bigdata/nyc_open_data/fm6n-5jvy.json,192,69
/user/bigdata/nyc_open_data/fmzx-suji.json,5,10
/user/bigdata/nyc_open_data/fqcv-e9sg.json,33,17
/user/bigdata/nyc_open_data/fr6n-f337.json,18,6
/user/bigdata/nyc_open_data/fsis-j6x5.json,60,3
/user/bigdata/nyc_open_data/ftpm-ey3k.json,1811,7
/user/bigdata/nyc_open_data/fu34-wamz.json,32,35
/user/bigdata/nyc_open_data/fuvx-wqd7.json,140,4
/user/bigdata/nyc_open_data/fuzb-9jre.json,1370,7
/user/bigdata/nyc_open_data/fuzi-5ks9.json,491993,5
/user/bigdata/nyc_open_data/fve3-eee8.json,180,4
/user/bigdata/nyc_open_data/fw4n-6ehm.json,16385532,0
/user/bigdata/nyc_open_data/fxdy-q85h.json,1617,13
/user/bigdata/nyc_open_data/fxs2-faah.json,1837,39
/user/bigdata/nyc_open_data/fxwm-3t4n.json,49,15
/user/bigdata/nyc_open_data/fyf4-hrcu.json,2769,0
/user/bigdata/nyc_open_data/fzk8-3ynb.json,15,13
/user/bigdata/nyc_open_data/fzv4-jan3.json,1262,14
/user/bigdata/nyc_open_data/g3vh-kbnw.json,32,45
/user/bigdata/nyc_open_data/g63j-swsd.json,710,10
/user/bigdata/nyc_open_data/g6f6-qpfi.json,70,15
/user/bigdata/nyc_open_data/g7ee-832z.json,8,13
/user/bigdata/nyc_open_data/g7ir-4pf8.json,11,4
/user/bigdata/nyc_open_data/g8e6-y4ax.json,98982,16
/user/bigdata/nyc_open_data/g8v5-qeu5.json,13,11
/user/bigdata/nyc_open_data/g993-cbry.json,35,4
/user/bigdata/nyc_open_data/g9ub-hrve.json,252,9
/user/bigdata/nyc_open_data/g9wv-7n2m.json,140,2
/user/bigdata/nyc_open_data/gahm-hu5h.json,433,45
/user/bigdata/nyc_open_data/gakf-suji.json,290,4
/user/bigdata/nyc_open_data/gaq9-z3hz.json,59,10
/user/bigdata/nyc_open_data/gbgg-xjuf.json,325,23
/user/bigdata/nyc_open_data/gcvr-n8qw.json,161403,17
/user/bigdata/nyc_open_data/gcys-vvnq.json,506585,14
/user/bigdata/nyc_open_data/gd6m-k9v9.json,11,7
/user/bigdata/nyc_open_data/ge8j-uqbf.json,769,24
/user/bigdata/nyc_open_data/gepv-dxc2.json,269,7
/user/bigdata/nyc_open_data/gezn-7mgk.json,11180,6
/user/bigdata/nyc_open_data/gffu-ps8j.json,11,7
/user/bigdata/nyc_open_data/ghpb-fpea.json,1210811,20
/user/bigdata/nyc_open_data/gi3h-3i8t.json,240,4
/user/bigdata/nyc_open_data/gk83-aa6y.json,2994,17
/user/bigdata/nyc_open_data/gk9u-c3tv.json,23,4
/user/bigdata/nyc_open_data/gkd7-3vk7.json,8320,16
/user/bigdata/nyc_open_data/gmi7-62cd.json,615,5
/user/bigdata/nyc_open_data/gpwd-npar.json,19054,12
/user/bigdata/nyc_open_data/grbs-nm2g.json,443,16
/user/bigdata/nyc_open_data/grnn-mvqe.json,1063,153
/user/bigdata/nyc_open_data/gsak-mt7t.json,1743,30
/user/bigdata/nyc_open_data/gshi-yqza.json,884,9
/user/bigdata/nyc_open_data/gsr2-xq9e.json,799,23
/user/bigdata/nyc_open_data/gt5i-dmde.json,88,4
/user/bigdata/nyc_open_data/gyaz-82xj.json,1344,16
/user/bigdata/nyc_open_data/gysc-yn4h.json,30509,1
/user/bigdata/nyc_open_data/gysw-j2f3.json,499,17
/user/bigdata/nyc_open_data/gzdv-qiga.json,327,7
/user/bigdata/nyc_open_data/gzfs-3h4m.json,3424,15
/user/bigdata/nyc_open_data/gzvm-na49.json,7481,14
/user/bigdata/nyc_open_data/h2mm-eazk.json,2688,16
/user/bigdata/nyc_open_data/h3qk-ybvt.json,584,9
/user/bigdata/nyc_open_data/h3zm-ta5h.json,490,16
/user/bigdata/nyc_open_data/h4jn-x3ty.json,94,1
/user/bigdata/nyc_open_data/h4jy-7dv7.json,96,7
/user/bigdata/nyc_open_data/h5de-ndty.json,420,16
/user/bigdata/nyc_open_data/h5nh-eqde.json,210,17
/user/bigdata/nyc_open_data/h7mf-hrsw.json,3,7
/user/bigdata/nyc_open_data/h8eh-b25q.json,26,13
/user/bigdata/nyc_open_data/h9gi-nx95.json,1237793,29
/user/bigdata/nyc_open_data/hb7y-b986.json,6,66
/user/bigdata/nyc_open_data/hc8x-tcnd.json,218,12
/user/bigdata/nyc_open_data/hcf7-jp2y.json,420,16
/user/bigdata/nyc_open_data/hcv4-fhfs.json,162,7
/user/bigdata/nyc_open_data/hdnu-nbrh.json,15,35
/user/bigdata/nyc_open_data/hdu7-ujt4.json,18,7
/user/bigdata/nyc_open_data/he5b-24yw.json,63,5
/user/bigdata/nyc_open_data/hemm-82xw.json,1700005,53
/user/bigdata/nyc_open_data/hfac-j85r.json,24,3
/user/bigdata/nyc_open_data/hg3c-2jsy.json,13661,18
/user/bigdata/nyc_open_data/hg3k-2w6h.json,2,2
/user/bigdata/nyc_open_data/hg8x-zxpr.json,2863,41
/user/bigdata/nyc_open_data/hi3x-y76v.json,110,4
/user/bigdata/nyc_open_data/hiik-hmf3.json,39,19
/user/bigdata/nyc_open_data/him9-7gri.json,1697,11
/user/bigdata/nyc_open_data/hjae-yuav.json,616,6
/user/bigdata/nyc_open_data/hjnm-89hx.json,251,2
/user/bigdata/nyc_open_data/hm4n-kxfu.json,31675,9
/user/bigdata/nyc_open_data/hm7r-w4y9.json,10,2
/user/bigdata/nyc_open_data/hmw8-8is3.json,282,6
/user/bigdata/nyc_open_data/hnf2-ds4u.json,220,23
/user/bigdata/nyc_open_data/hpid-63r5.json,2477,12
/user/bigdata/nyc_open_data/hq68-rnsi.json,1403,18
/user/bigdata/nyc_open_data/hrsu-3w2q.json,24421,39
/user/bigdata/nyc_open_data/ht4t-wzcm.json,5918,8
/user/bigdata/nyc_open_data/hti8-xb6u.json,1743,30
/user/bigdata/nyc_open_data/htkc-b6ea.json,2688,16
/user/bigdata/nyc_open_data/hu6m-9cfi.json,1878,22
/user/bigdata/nyc_open_data/hukm-snmq.json,72,31
/user/bigdata/nyc_open_data/huq7-iui5.json,1742,10
/user/bigdata/nyc_open_data/hv77-qnda.json,84,15
/user/bigdata/nyc_open_data/hve5-8z68.json,11,2
/user/bigdata/nyc_open_data/hy4q-igkk.json,1789359,52
/user/bigdata/nyc_open_data/hypw-js3b.json,13223,63
/user/bigdata/nyc_open_data/hyur-qpyf.json,3740,14
/user/bigdata/nyc_open_data/i296-73x5.json,799902,8
/user/bigdata/nyc_open_data/i37z-2ty9.json,14543,24
/user/bigdata/nyc_open_data/i3a3-qxkf.json,5901,4
/user/bigdata/nyc_open_data/i3ez-z58g.json,2528,8
/user/bigdata/nyc_open_data/i447-i5u3.json,12,2
/user/bigdata/nyc_open_data/i4ni-6qin.json,1836,39
/user/bigdata/nyc_open_data/i4p3-pe6a.json,25569893,0
/user/bigdata/nyc_open_data/i6as-kc83.json,772,8
/user/bigdata/nyc_open_data/i6b5-j7bu.json,22737,8
/user/bigdata/nyc_open_data/i6bk-bwyv.json,83,23
/user/bigdata/nyc_open_data/i7jz-e2db.json,123,7
/user/bigdata/nyc_open_data/i7zn-7njs.json,64,2
/user/bigdata/nyc_open_data/i8ua-bnkj.json,2137,3
/user/bigdata/nyc_open_data/i8ys-e4pm.json,16428,14
/user/bigdata/nyc_open_data/i99z-ad8n.json,64777,16
/user/bigdata/nyc_open_data/i9pf-sj7c.json,719,102
/user/bigdata/nyc_open_data/ia2d-e54m.json,38,4
/user/bigdata/nyc_open_data/ia9u-k3t3.json,67,18
/user/bigdata/nyc_open_data/ibs4-k445.json,14,13
/user/bigdata/nyc_open_data/ic2k-etms.json,188,10
/user/bigdata/nyc_open_data/ic3t-wcy2.json,1549598,96
/user/bigdata/nyc_open_data/icps-nwdu.json,18794,9
/user/bigdata/nyc_open_data/idfb-y78n.json,23,10
/user/bigdata/nyc_open_data/ihfw-zy9j.json,10075,38
/user/bigdata/nyc_open_data/ihup-vdhf.json,980,16
/user/bigdata/nyc_open_data/ihvw-cp8d.json,5,11
/user/bigdata/nyc_open_data/ii73-cgb4.json,6,13
/user/bigdata/nyc_open_data/ikqj-pyhc.json,1165,46
/user/bigdata/nyc_open_data/ipc3-2nbm.json,11,7
/user/bigdata/nyc_open_data/ipsj-8mer.json,35,15
/user/bigdata/nyc_open_data/ipu4-2q9a.json,3341659,60
/user/bigdata/nyc_open_data/irhv-jqz7.json,514,69
/user/bigdata/nyc_open_data/ismp-xffj.json,12,6
/user/bigdata/nyc_open_data/isn9-aw8z.json,19,13
/user/bigdata/nyc_open_data/it56-eyq4.json,139141,25
/user/bigdata/nyc_open_data/it9k-rtx5.json,1790,11
/user/bigdata/nyc_open_data/ita7-8em7.json,23,6
/user/bigdata/nyc_open_data/itd7-gx3g.json,143571,12
/user/bigdata/nyc_open_data/itfs-ms3e.json,258,5
/user/bigdata/nyc_open_data/iuvu-z276.json,1638,16
/user/bigdata/nyc_open_data/ivbu-e2q7.json,8,4
/user/bigdata/nyc_open_data/ivix-m77e.json,13553,37
/user/bigdata/nyc_open_data/iwdd-99mu.json,576,23
/user/bigdata/nyc_open_data/iz2q-9x8d.json,5959,55
/user/bigdata/nyc_open_data/izav-3bhy.json,19631,11
/user/bigdata/nyc_open_data/j2iz-mwzu.json,250,3
/user/bigdata/nyc_open_data/j2sr-pm3b.json,42,15
/user/bigdata/nyc_open_data/j34j-vqvt.json,4368,5
/user/bigdata/nyc_open_data/j39j-zq32.json,1131,27
/user/bigdata/nyc_open_data/j7gw-gcxi.json,9,4
/user/bigdata/nyc_open_data/j7wp-ax4x.json,116,2
/user/bigdata/nyc_open_data/j7wr-gf2w.json,84,15
/user/bigdata/nyc_open_data/j7yn-nvq9.json,162,7
/user/bigdata/nyc_open_data/j86k-5i43.json,163,49
/user/bigdata/nyc_open_data/j8gx-kc43.json,102,8
/user/bigdata/nyc_open_data/j8p3-8ufc.json,889,3
/user/bigdata/nyc_open_data/jabk-zf7i.json,5,6
/user/bigdata/nyc_open_data/jat2-irw9.json,33,18
/user/bigdata/nyc_open_data/jb3k-j3gp.json,176999,6
/user/bigdata/nyc_open_data/jb7j-dtam.json,1094,7
/user/bigdata/nyc_open_data/jcih-dj9q.json,434,70
/user/bigdata/nyc_open_data/jdmi-whyn.json,20,7
/user/bigdata/nyc_open_data/jgjk-h2bn.json,14,11
/user/bigdata/nyc_open_data/jgtb-hmpg.json,694384,14
/user/bigdata/nyc_open_data/jhjm-vsp8.json,1277,12
/user/bigdata/nyc_open_data/jhn3-4vdj.json,131,4
/user/bigdata/nyc_open_data/jhq9-vaec.json,5,16
/user/bigdata/nyc_open_data/ji82-xba5.json,36112,47
/user/bigdata/nyc_open_data/jign-uhe6.json,22,13
/user/bigdata/nyc_open_data/jjvq-4t2v.json,270,7
/user/bigdata/nyc_open_data/jk35-yh5p.json,161412,17
/user/bigdata/nyc_open_data/jkiz-wt49.json,46,22
/user/bigdata/nyc_open_data/jmr8-fdbz.json,180,4
/user/bigdata/nyc_open_data/jp7y-czvr.json,5,11
/user/bigdata/nyc_open_data/jphp-xt7k.json,245,16
/user/bigdata/nyc_open_data/jqy3-ybjq.json,51,46
/user/bigdata/nyc_open_data/jr24-e7cr.json,255488,27
/user/bigdata/nyc_open_data/jr3e-jwne.json,8,9
/user/bigdata/nyc_open_data/js82-9nvz.json,51,5
/user/bigdata/nyc_open_data/jt7v-77mi.json,9100278,43
/user/bigdata/nyc_open_data/jt9i-9gxr.json,13,5
/user/bigdata/nyc_open_data/ju3b-rwpy.json,131488,30
/user/bigdata/nyc_open_data/jufi-gzgp.json,28478,16
/user/bigdata/nyc_open_data/jvce-szsb.json,128,16
/user/bigdata/nyc_open_data/jvqn-dyef.json,100,7
/user/bigdata/nyc_open_data/jxdc-hnze.json,82,17
/user/bigdata/nyc_open_data/jxyc-rxiv.json,2645,45
/user/bigdata/nyc_open_data/jzdn-258f.json,245,6
/user/bigdata/nyc_open_data/jzhd-m6uv.json,178765,18
/user/bigdata/nyc_open_data/jzst-u7j8.json,13974,33
/user/bigdata/nyc_open_data/k233-bk49.json,296,7
/user/bigdata/nyc_open_data/k26i-s5bd.json,891,16
/user/bigdata/nyc_open_data/k2tc-bipg.json,27449,6
/user/bigdata/nyc_open_data/k2ye-5mmh.json,180,4
/user/bigdata/nyc_open_data/k397-673e.json,2194488,16
/user/bigdata/nyc_open_data/k3cd-yu9d.json,68305,41
/user/bigdata/nyc_open_data/k3e2-emsq.json,37,19
/user/bigdata/nyc_open_data/k3qa-jvkc.json,17,18
/user/bigdata/nyc_open_data/k46n-sa2m.json,1657,13
/user/bigdata/nyc_open_data/k4u8-p5ux.json,14,7
/user/bigdata/nyc_open_data/k4xi-fxp5.json,350,16
/user/bigdata/nyc_open_data/k548-32d3.json,11676,3
/user/bigdata/nyc_open_data/k5us-nav4.json,10872,11
/user/bigdata/nyc_open_data/k5ws-xbkn.json,245,16
/user/bigdata/nyc_open_data/k5xr-vi4c.json,577,3
/user/bigdata/nyc_open_data/k63t-h76x.json,57971,24
/user/bigdata/nyc_open_data/k659-gwja.json,120,4
/user/bigdata/nyc_open_data/k72f-2ytm.json,128,5
/user/bigdata/nyc_open_data/k84j-firu.json,186,14
/user/bigdata/nyc_open_data/k8hv-56d7.json,4103,9
/user/bigdata/nyc_open_data/ka27-qx5k.json,136,4
/user/bigdata/nyc_open_data/ka3k-93z7.json,23,7
/user/bigdata/nyc_open_data/kcgr-4dqx.json,30,13
/user/bigdata/nyc_open_data/kdm9-vp7d.json,23988,17
/user/bigdata/nyc_open_data/kdpk-qekk.json,70,15
/user/bigdata/nyc_open_data/kdqv-qs7p.json,9415,11
/user/bigdata/nyc_open_data/kewa-q4dq.json,108,3
/user/bigdata/nyc_open_data/kf2b-aeh5.json,11873,10
/user/bigdata/nyc_open_data/kfgh-h6re.json,225887,11
/user/bigdata/nyc_open_data/kh2m-kcyz.json,331,17
/user/bigdata/nyc_open_data/kh3d-xhq7.json,68,23
/user/bigdata/nyc_open_data/kha6-7i9i.json,23896,17
/user/bigdata/nyc_open_data/khqi-x3p3.json,15518,24
/user/bigdata/nyc_open_data/kiv2-tbus.json,10626899,43
/user/bigdata/nyc_open_data/kivi-tmb3.json,2925,65
/user/bigdata/nyc_open_data/kiyv-ks3f.json,1885,26
/user/bigdata/nyc_open_data/kj4p-ruqc.json,317923,23
/user/bigdata/nyc_open_data/kjey-zuvr.json,700,16
/user/bigdata/nyc_open_data/kjgh-ywbx.json,960,5
/user/bigdata/nyc_open_data/kjpz-79mu.json,1743,76
/user/bigdata/nyc_open_data/kjxa-7ccf.json,251,7
/user/bigdata/nyc_open_data/kk22-kcb6.json,11,5
/user/bigdata/nyc_open_data/kku6-nxdu.json,236,46
/user/bigdata/nyc_open_data/kkwv-djnk.json,32,5
/user/bigdata/nyc_open_data/kmix-7hhj.json,19133,17
/user/bigdata/nyc_open_data/kn9i-9q8m.json,7759,35
/user/bigdata/nyc_open_data/knik-dax9.json,138285,53
/user/bigdata/nyc_open_data/kpav-sd4t.json,3355,28
/user/bigdata/nyc_open_data/kpjg-ubxi.json,565,10
/user/bigdata/nyc_open_data/kq8c-w9ag.json,16,7
/user/bigdata/nyc_open_data/kquf-ewd9.json,1571,3
/user/bigdata/nyc_open_data/krwf-eng6.json,250,4
/user/bigdata/nyc_open_data/krx7-u82t.json,19741,20
/user/bigdata/nyc_open_data/kt29-ab5k.json,415,16
/user/bigdata/nyc_open_data/kw9y-h36n.json,299508,10
/user/bigdata/nyc_open_data/kwmq-dbub.json,75431,32
/user/bigdata/nyc_open_data/kwte-dppd.json,1873364,36
/user/bigdata/nyc_open_data/kyad-zm4j.json,516989,30
/user/bigdata/nyc_open_data/kydh-ijhc.json,9,14
/user/bigdata/nyc_open_data/kyvb-rbwd.json,69790,33
/user/bigdata/nyc_open_data/m3fi-rt3k.json,17496,25
/user/bigdata/nyc_open_data/m48u-yjt8.json,83,5
/user/bigdata/nyc_open_data/m56g-jpua.json,2261,69
/user/bigdata/nyc_open_data/m59i-mqex.json,251,46
/user/bigdata/nyc_open_data/m64p-r9hk.json,257,5
/user/bigdata/nyc_open_data/m666-sf2m.json,1237793,0
/user/bigdata/nyc_open_data/m6ap-zcwi.json,134,10
/user/bigdata/nyc_open_data/m6nh-ye6v.json,3,5
/user/bigdata/nyc_open_data/m7m9-uyrn.json,17,7
/user/bigdata/nyc_open_data/m8nr-4ivu.json,47735,17
/user/bigdata/nyc_open_data/madj-gkhr.json,714620,5
/user/bigdata/nyc_open_data/mai7-g3fm.json,19,13
/user/bigdata/nyc_open_data/mbd7-jfnc.json,1599,17
/user/bigdata/nyc_open_data/mbym-vp3s.json,92,22
/user/bigdata/nyc_open_data/mdbu-nrqn.json,388775,24
/user/bigdata/nyc_open_data/mdcw-n682.json,4909,23
/user/bigdata/nyc_open_data/memx-xuna.json,236,17
/user/bigdata/nyc_open_data/mfmf-gtvc.json,89,22
/user/bigdata/nyc_open_data/mgjt-zuui.json,4,5
/user/bigdata/nyc_open_data/mi8r-ff2q.json,175,16
/user/bigdata/nyc_open_data/mib5-bwqy.json,55012,17
/user/bigdata/nyc_open_data/mifw-tguq.json,1216,20
/user/bigdata/nyc_open_data/miqs-rvtb.json,6,10
/user/bigdata/nyc_open_data/mkxg-y5uc.json,8,13
/user/bigdata/nyc_open_data/mmvm-mvi3.json,11702,10
/user/bigdata/nyc_open_data/mnqg-rcee.json,15,16
/user/bigdata/nyc_open_data/mpg8-b8s5.json,3,13
/user/bigdata/nyc_open_data/mpk5-48av.json,6986,109
/user/bigdata/nyc_open_data/mpqk-skis.json,2,6
/user/bigdata/nyc_open_data/mq6n-s45c.json,153,62
/user/bigdata/nyc_open_data/mqd6-mvf7.json,192,16
/user/bigdata/nyc_open_data/mqdy-gu73.json,1799,9
/user/bigdata/nyc_open_data/mrxb-9w9v.json,112,18
/user/bigdata/nyc_open_data/ms66-xjfq.json,104,11
/user/bigdata/nyc_open_data/mtfg-8ayp.json,31,13
/user/bigdata/nyc_open_data/mu2n-2qpd.json,84,15
/user/bigdata/nyc_open_data/mu46-p9is.json,236546,49
/user/bigdata/nyc_open_data/mumm-6t9n.json,35,5
/user/bigdata/nyc_open_data/mvhn-ypfv.json,3,7
/user/bigdata/nyc_open_data/mwbr-9zz9.json,272214,53
/user/bigdata/nyc_open_data/mwzb-yiwb.json,188802,26
/user/bigdata/nyc_open_data/my4g-bvvs.json,2044,26
/user/bigdata/nyc_open_data/myn9-hwsy.json,175,7
/user/bigdata/nyc_open_data/myrj-umam.json,31583,52
/user/bigdata/nyc_open_data/myrx-addi.json,2873,65
/user/bigdata/nyc_open_data/mzrr-g56e.json,26,26
/user/bigdata/nyc_open_data/mzy5-smmw.json,60,3
/user/bigdata/nyc_open_data/n246-cev5.json,37,16
/user/bigdata/nyc_open_data/n2s5-fumm.json,54,46
/user/bigdata/nyc_open_data/n3p6-zve2.json,435,64
/user/bigdata/nyc_open_data/n4kn-dy2y.json,19233765,0
/user/bigdata/nyc_open_data/n4tc-j6kh.json,2073,7
/user/bigdata/nyc_open_data/n5mv-nfpy.json,15937,38
/user/bigdata/nyc_open_data/n5xc-7jfa.json,93,19
/user/bigdata/nyc_open_data/n7ta-pz8k.json,12,5
/user/bigdata/nyc_open_data/n8p9-7jxp.json,197968,62
/user/bigdata/nyc_open_data/n9yn-6q3f.json,1743,8
/user/bigdata/nyc_open_data/narn-kyx4.json,4480,16
/user/bigdata/nyc_open_data/nbbg-wtuz.json,9291588,11
/user/bigdata/nyc_open_data/nbgq-j9jt.json,1577,24
/user/bigdata/nyc_open_data/nbun-a9vi.json,164,8
/user/bigdata/nyc_open_data/ncbg-6agr.json,84,4
/user/bigdata/nyc_open_data/nd82-bi9f.json,35,9
/user/bigdata/nyc_open_data/ne9f-g6k4.json,131,17
/user/bigdata/nyc_open_data/ne9z-skhf.json,109,22
/user/bigdata/nyc_open_data/nekg-b6tw.json,7441,5
/user/bigdata/nyc_open_data/nfkx-wd79.json,1983,45
/user/bigdata/nyc_open_data/nfz9-tzba.json,71,13
/user/bigdata/nyc_open_data/ngbi-cq85.json,98,15
/user/bigdata/nyc_open_data/ngf9-zejg.json,3,9
/user/bigdata/nyc_open_data/niy5-4j7q.json,2646,45
/user/bigdata/nyc_open_data/niyd-ckq3.json,2,11
/user/bigdata/nyc_open_data/nj5b-z2hw.json,163860,35
/user/bigdata/nyc_open_data/nja7-3m37.json,63,7
/user/bigdata/nyc_open_data/nk42-j6hc.json,192,69
/user/bigdata/nyc_open_data/nkn9-ge6x.json,22,2
/user/bigdata/nyc_open_data/np9k-hd4i.json,37958,17
/user/bigdata/nyc_open_data/nr9n-yqxr.json,128,3
/user/bigdata/nyc_open_data/nre2-6m2s.json,3447,17
/user/bigdata/nyc_open_data/ns22-2dcm.json,27,3
/user/bigdata/nyc_open_data/nstm-kb7u.json,250,2
/user/bigdata/nyc_open_data/ntbr-wib6.json,112,8
/user/bigdata/nyc_open_data/ntcm-2w4k.json,28,15
/user/bigdata/nyc_open_data/nthg-fsts.json,20,7
/user/bigdata/nyc_open_data/nu7n-tubp.json,121949,15
/user/bigdata/nyc_open_data/nufv-bxfc.json,19,13
/user/bigdata/nyc_open_data/nurr-mhyi.json,12139,10
/user/bigdata/nyc_open_data/nuxu-5fjs.json,51,5
/user/bigdata/nyc_open_data/nvgj-hbht.json,70180,16
/user/bigdata/nyc_open_data/nvm3-w2i6.json,117,4
/user/bigdata/nyc_open_data/nvqd-aa32.json,539,16
/user/bigdata/nyc_open_data/nwet-nc6h.json,8,3
/user/bigdata/nyc_open_data/nwrb-z58j.json,1559,5
/user/bigdata/nyc_open_data/ny8v-zzzb.json,420,16
/user/bigdata/nyc_open_data/nyis-y4yr.json,15288,72
/user/bigdata/nyc_open_data/nzjr-3966.json,7712,13
/user/bigdata/nyc_open_data/p26e-k6k9.json,0,0
/user/bigdata/nyc_open_data/p2q7-at72.json,30,6
/user/bigdata/nyc_open_data/p2x5-udz8.json,221,21
/user/bigdata/nyc_open_data/p32s-yqxq.json,83846,12
/user/bigdata/nyc_open_data/p39r-nm7f.json,973,13
/user/bigdata/nyc_open_data/p3r6-jdne.json,91983,9
/user/bigdata/nyc_open_data/p424-amsu.json,5945,31
/user/bigdata/nyc_open_data/p5v2-fwzn.json,650,11
/user/bigdata/nyc_open_data/p5w7-g72z.json,196,15
/user/bigdata/nyc_open_data/p6bh-gqsg.json,880,17
/user/bigdata/nyc_open_data/p6h4-mpyy.json,1823,39
/user/bigdata/nyc_open_data/p8e4-uwuv.json,21,5
/user/bigdata/nyc_open_data/p937-wjvj.json,1396075,20
/user/bigdata/nyc_open_data/p9cr-nt9j.json,1743,56
/user/bigdata/nyc_open_data/pa5t-ktd3.json,32,3
/user/bigdata/nyc_open_data/pasr-j7fb.json,6749,7
/user/bigdata/nyc_open_data/pba9-2xiu.json,12483,14
/user/bigdata/nyc_open_data/pc34-d3sx.json,135,13
/user/bigdata/nyc_open_data/pc4g-yqvf.json,21,7
/user/bigdata/nyc_open_data/pcgw-s47c.json,84,15
/user/bigdata/nyc_open_data/pd5h-92mc.json,63,14
/user/bigdata/nyc_open_data/pdiy-9ae5.json,5798,18
/user/bigdata/nyc_open_data/pe54-wf39.json,39,19
/user/bigdata/nyc_open_data/pf7i-ims3.json,5,3
/user/bigdata/nyc_open_data/pfbw-d97h.json,8,13
/user/bigdata/nyc_open_data/pffu-gbfi.json,857620,7
/user/bigdata/nyc_open_data/pfn4-vjwr.json,23,15
/user/bigdata/nyc_open_data/pfys-fabf.json,41,22
/user/bigdata/nyc_open_data/pgrs-2cjd.json,5376,16
/user/bigdata/nyc_open_data/pgun-i6u7.json,1274,71
/user/bigdata/nyc_open_data/ph29-5mxy.json,60,3
/user/bigdata/nyc_open_data/ph5g-sr3v.json,18,18
/user/bigdata/nyc_open_data/ph76-k6qa.json,1375,7
/user/bigdata/nyc_open_data/ph7v-u5f3.json,771,50
/user/bigdata/nyc_open_data/phth-xf25.json,64786,16
/user/bigdata/nyc_open_data/pi4j-9c8t.json,3,12
/user/bigdata/nyc_open_data/piri-jns7.json,4794,3
/user/bigdata/nyc_open_data/pknx-dgka.json,12090,9
/user/bigdata/nyc_open_data/pq5i-thsu.json,278658,14
/user/bigdata/nyc_open_data/pqbh-p6xe.json,138,2
/user/bigdata/nyc_open_data/pqg4-dm6b.json,1147,56
/user/bigdata/nyc_open_data/pra5-xxvj.json,33077,24
/user/bigdata/nyc_open_data/psmp-cmuu.json,30,5
/user/bigdata/nyc_open_data/psqs-brte.json,1221943,52
/user/bigdata/nyc_open_data/ptev-4hud.json,224163,25
/user/bigdata/nyc_open_data/pvqr-7yc4.json,7679881,43
/user/bigdata/nyc_open_data/pwkr-dpni.json,5966887,11
/user/bigdata/nyc_open_data/pxfd-dpcz.json,58483,16
/user/bigdata/nyc_open_data/pyif-r8qe.json,25,18
/user/bigdata/nyc_open_data/pzqy-pk76.json,16,16
/user/bigdata/nyc_open_data/pzt3-tne9.json,3561,17
/user/bigdata/nyc_open_data/q2ni-ztsb.json,19236,26
/user/bigdata/nyc_open_data/q39e-7gbs.json,4081,23
/user/bigdata/nyc_open_data/q5hp-72f8.json,32406,24
/user/bigdata/nyc_open_data/q5x3-7piv.json,69,18
/user/bigdata/nyc_open_data/q5za-zqz7.json,1649,11
/user/bigdata/nyc_open_data/q7r2-64fm.json,1742,10
/user/bigdata/nyc_open_data/q7ra-ebu4.json,863,12
/user/bigdata/nyc_open_data/q8fg-j5sk.json,232,16
/user/bigdata/nyc_open_data/q974-2uuf.json,325,21
/user/bigdata/nyc_open_data/q9kp-jvxv.json,8,3
/user/bigdata/nyc_open_data/q9mx-gjyn.json,490,16
/user/bigdata/nyc_open_data/q9rw-qihz.json,200,12
/user/bigdata/nyc_open_data/qa4d-xc73.json,1627,9
/user/bigdata/nyc_open_data/qb86-fg8z.json,822,3
/user/bigdata/nyc_open_data/qbce-2kcu.json,440,45
/user/bigdata/nyc_open_data/qbjq-atxv.json,278,10
/user/bigdata/nyc_open_data/qbvv-9nzz.json,448,6
/user/bigdata/nyc_open_data/qc6h-hbw3.json,19,13
/user/bigdata/nyc_open_data/qcdj-rwhu.json,1596,47
/user/bigdata/nyc_open_data/qd93-w582.json,1323,8
/user/bigdata/nyc_open_data/qd9w-yz23.json,2925,65
/user/bigdata/nyc_open_data/qf2v-7dbv.json,31,13
/user/bigdata/nyc_open_data/qf92-qkjm.json,240,4
/user/bigdata/nyc_open_data/qfe3-6dkn.json,8945,52
/user/bigdata/nyc_open_data/qfk7-6ens.json,16826,11
/user/bigdata/nyc_open_data/qfs9-xn8t.json,108,26
/user/bigdata/nyc_open_data/qgea-i56i.json,5580035,24
/user/bigdata/nyc_open_data/qgga-62ej.json,70,15
/user/bigdata/nyc_open_data/qj9s-yv6v.json,188,5
/user/bigdata/nyc_open_data/qjx7-9mep.json,175,16
/user/bigdata/nyc_open_data/qk7d-gecv.json,430,22
/user/bigdata/nyc_open_data/qkez-i8mv.json,2147,0
/user/bigdata/nyc_open_data/qkm5-nuaq.json,9677562,0
/user/bigdata/nyc_open_data/qnuk-aubm.json,199,4
/user/bigdata/nyc_open_data/qnwe-j5my.json,45,3
/user/bigdata/nyc_open_data/qphc-zrtc.json,3136,16
/user/bigdata/nyc_open_data/qpm9-j523.json,75,18
/user/bigdata/nyc_open_data/qrb4-aqtx.json,151,14
/user/bigdata/nyc_open_data/qrz6-23fw.json,1498,9
/user/bigdata/nyc_open_data/qs5h-jhhg.json,220,23
/user/bigdata/nyc_open_data/qt4e-9a97.json,6,4
/user/bigdata/nyc_open_data/qt67-786k.json,3,5
/user/bigdata/nyc_open_data/qtrj-g3nm.json,255,5
/user/bigdata/nyc_open_data/qu8g-sxqf.json,160439,21
/user/bigdata/nyc_open_data/qvir-knu3.json,437,18
/user/bigdata/nyc_open_data/qwi9-6tzj.json,19,13
/user/bigdata/nyc_open_data/qy7q-cb9e.json,2931,23
/user/bigdata/nyc_open_data/qybk-bjjc.json,6310,34
/user/bigdata/nyc_open_data/qyyg-4tf5.json,29180,38
/user/bigdata/nyc_open_data/r4c5-ndkx.json,775970,124
/user/bigdata/nyc_open_data/r4dz-wduq.json,582,7
/user/bigdata/nyc_open_data/r4s5-tb2g.json,960,45
/user/bigdata/nyc_open_data/r528-jcks.json,75,4
/user/bigdata/nyc_open_data/r69u-62nw.json,2,7
/user/bigdata/nyc_open_data/r75y-8qe7.json,231,15
/user/bigdata/nyc_open_data/rafb-6xry.json,170,26
/user/bigdata/nyc_open_data/rb2h-bgai.json,38,4
/user/bigdata/nyc_open_data/rb93-tisp.json,97,14
/user/bigdata/nyc_open_data/rbrz-iagc.json,3,4
/user/bigdata/nyc_open_data/rbvx-jqnh.json,65,18
/user/bigdata/nyc_open_data/rbwv-5abg.json,6,13
/user/bigdata/nyc_open_data/rbx6-tga4.json,7020,35
/user/bigdata/nyc_open_data/rdxc-q253.json,13765,6
/user/bigdata/nyc_open_data/reri-chf8.json,192,64
/user/bigdata/nyc_open_data/rfpq-hs49.json,35,3
/user/bigdata/nyc_open_data/rfu3-4gsz.json,8,7
/user/bigdata/nyc_open_data/rfu7-paqe.json,58,25
/user/bigdata/nyc_open_data/rgfe-8y2z.json,16170,32
/user/bigdata/nyc_open_data/rgqc-ddc4.json,5,7
/user/bigdata/nyc_open_data/rhe8-mgbb.json,6128395,16
/user/bigdata/nyc_open_data/rhtj-vttz.json,420,16
/user/bigdata/nyc_open_data/rmv8-86p4.json,396,46
/user/bigdata/nyc_open_data/rn5p-vhac.json,46,22
/user/bigdata/nyc_open_data/rn6p-xvjd.json,54281,4
/user/bigdata/nyc_open_data/rnf5-jwk6.json,3,4
/user/bigdata/nyc_open_data/rnsn-acs2.json,197,8
/user/bigdata/nyc_open_data/rp8m-vm93.json,119,7
/user/bigdata/nyc_open_data/rq2f-42ua.json,3136,16
/user/bigdata/nyc_open_data/rqhp-hivt.json,235,13
/user/bigdata/nyc_open_data/rqjq-29wc.json,54532,17
/user/bigdata/nyc_open_data/rqx9-kktd.json,52,21
/user/bigdata/nyc_open_data/rs6k-p7g6.json,376013,0
/user/bigdata/nyc_open_data/rskq-5bfv.json,874,3
/user/bigdata/nyc_open_data/rsnd-bbih.json,300,20
/user/bigdata/nyc_open_data/rstd-gm72.json,97,14
/user/bigdata/nyc_open_data/rtws-c2ai.json,1571,3
/user/bigdata/nyc_open_data/ru7m-mpyz.json,408,12
/user/bigdata/nyc_open_data/ruce-cnp6.json,23392,22
/user/bigdata/nyc_open_data/rukc-mmqu.json,3282,9
/user/bigdata/nyc_open_data/rv3z-jq34.json,33,7
/user/bigdata/nyc_open_data/rwa3-b3wr.json,1726,7
/user/bigdata/nyc_open_data/rzd6-qsmn.json,67443,17
/user/bigdata/nyc_open_data/s2zm-f47y.json,6,4
/user/bigdata/nyc_open_data/s3k6-pzi2.json,440,462
/user/bigdata/nyc_open_data/s3zn-tf7c.json,353,46
/user/bigdata/nyc_open_data/s4kf-3yrf.json,1715,18
/user/bigdata/nyc_open_data/s5ne-bpvg.json,8,13
/user/bigdata/nyc_open_data/s5q4-7ezf.json,980,16
/user/bigdata/nyc_open_data/s79c-jgrm.json,34811,59
/user/bigdata/nyc_open_data/s9xf-ztqu.json,1400,9
/user/bigdata/nyc_open_data/sapz-4gsi.json,236,17
/user/bigdata/nyc_open_data/sbnd-xujn.json,114317,24
/user/bigdata/nyc_open_data/scfi-iv96.json,1120,16
/user/bigdata/nyc_open_data/sci4-yqgk.json,11,3
/user/bigdata/nyc_open_data/scqk-i7ht.json,18,7
/user/bigdata/nyc_open_data/sd9s-b3hd.json,3,5
/user/bigdata/nyc_open_data/sefr-5pmx.json,128,5
/user/bigdata/nyc_open_data/sgvu-nui7.json,212,4
/user/bigdata/nyc_open_data/sibt-hnvk.json,54680,16
/user/bigdata/nyc_open_data/siju-6isf.json,3136,16
/user/bigdata/nyc_open_data/sjpy-4cc9.json,859,69
/user/bigdata/nyc_open_data/sjyc-3up2.json,8,15
/user/bigdata/nyc_open_data/smdw-73pj.json,3134,23
/user/bigdata/nyc_open_data/sn5i-xuny.json,8,7
/user/bigdata/nyc_open_data/sqb7-p8nz.json,220,23
/user/bigdata/nyc_open_data/sqcr-6mww.json,1118286,52
/user/bigdata/nyc_open_data/sqmu-2ixd.json,5040,11
/user/bigdata/nyc_open_data/ssq6-fkht.json,357947,20
/user/bigdata/nyc_open_data/su6u-afcg.json,19,2
/user/bigdata/nyc_open_data/sv6e-j8t9.json,12,15
/user/bigdata/nyc_open_data/sv7x-dduq.json,3883726,17
/user/bigdata/nyc_open_data/svyi-maaj.json,5,7
/user/bigdata/nyc_open_data/swpk-hqdp.json,390,6
/user/bigdata/nyc_open_data/swsf-ed7j.json,68,23
/user/bigdata/nyc_open_data/sxh6-h6ph.json,8,13
/user/bigdata/nyc_open_data/sxmw-f24h.json,1793774,52
/user/bigdata/nyc_open_data/sxx4-xhzg.json,545,6
/user/bigdata/nyc_open_data/sxxc-x9gg.json,8,13
/user/bigdata/nyc_open_data/szkz-syh6.json,4298,15
/user/bigdata/nyc_open_data/szn6-bbuk.json,1536,3
/user/bigdata/nyc_open_data/t446-jbtd.json,1890,8
/user/bigdata/nyc_open_data/t5w8-y8xf.json,1063,5
/user/bigdata/nyc_open_data/t6g4-rw7k.json,3,3
/user/bigdata/nyc_open_data/t8hj-ruu2.json,82309,22
/user/bigdata/nyc_open_data/t9nw-j73k.json,1588,32
/user/bigdata/nyc_open_data/tavr-zknk.json,52,8
/user/bigdata/nyc_open_data/tb8q-a3ar.json,3613,20
/user/bigdata/nyc_open_data/tbf6-u8ea.json,14,3
/user/bigdata/nyc_open_data/tbgj-tdd6.json,4409,16
/user/bigdata/nyc_open_data/tbvj-mbps.json,3136,16
/user/bigdata/nyc_open_data/tc6u-8rnp.json,17,16
/user/bigdata/nyc_open_data/tczk-5sa2.json,1697,0
/user/bigdata/nyc_open_data/td5q-ry6d.json,16350622,7
/user/bigdata/nyc_open_data/tdd6-3ysr.json,67327121,0
/user/bigdata/nyc_open_data/tesw-yqqr.json,169584,16
/user/bigdata/nyc_open_data/tesz-9suw.json,63,13
/user/bigdata/nyc_open_data/tfbb-gszk.json,20,12
/user/bigdata/nyc_open_data/tg4x-b46p.json,48280,14
/user/bigdata/nyc_open_data/tgqn-na2n.json,180,4
/user/bigdata/nyc_open_data/tgrn-h24f.json,1715,18
/user/bigdata/nyc_open_data/tgvi-w9ww.json,11,3
/user/bigdata/nyc_open_data/thjb-fm53.json,1811,12
/user/bigdata/nyc_open_data/thqd-deec.json,1438,12
/user/bigdata/nyc_open_data/thrx-b6bc.json,163,7
/user/bigdata/nyc_open_data/thxi-frp3.json,63470,16
/user/bigdata/nyc_open_data/tkdy-59zg.json,26,70
/user/bigdata/nyc_open_data/tm5c-buy3.json,97,3
/user/bigdata/nyc_open_data/tm6d-hbzd.json,1330983,32
/user/bigdata/nyc_open_data/tn4g-ski5.json,516989,30
/user/bigdata/nyc_open_data/tn5h-i3e8.json,116215,16
/user/bigdata/nyc_open_data/tncb-agv4.json,63,5
/user/bigdata/nyc_open_data/tngj-drbu.json,19,5
/user/bigdata/nyc_open_data/tph5-57et.json,700,16
/user/bigdata/nyc_open_data/tphb-2tdm.json,2124,17
/user/bigdata/nyc_open_data/tqkr-fgym.json,118,17
/user/bigdata/nyc_open_data/tsak-vtv3.json,422,9
/user/bigdata/nyc_open_data/tsy7-gcm8.json,6,18
/user/bigdata/nyc_open_data/tvfr-dhen.json,7158,16
/user/bigdata/nyc_open_data/tvpp-9vvx.json,2147,12
/user/bigdata/nyc_open_data/twu4-tp2g.json,12110,8
/user/bigdata/nyc_open_data/ty7c-8rmq.json,99421,16
/user/bigdata/nyc_open_data/ty85-y26w.json,2591303,53
/user/bigdata/nyc_open_data/tyfh-9h2y.json,958,45
/user/bigdata/nyc_open_data/tyjc-nqc2.json,212,6
/user/bigdata/nyc_open_data/tzwr-vksx.json,37,11
/user/bigdata/nyc_open_data/u35m-9t32.json,2052,10
/user/bigdata/nyc_open_data/u4ef-3s9d.json,1779,4
/user/bigdata/nyc_open_data/u4uz-edhr.json,29,7
/user/bigdata/nyc_open_data/u553-m549.json,422,77
/user/bigdata/nyc_open_data/u6gg-xejf.json,299,8
/user/bigdata/nyc_open_data/u6p4-fsey.json,80,5
/user/bigdata/nyc_open_data/uaj7-9szf.json,99,35
/user/bigdata/nyc_open_data/ub9z-gccp.json,1274034,31
/user/bigdata/nyc_open_data/ubdi-jgw2.json,55,17
/user/bigdata/nyc_open_data/ubv8-6n5w.json,23,21
/user/bigdata/nyc_open_data/ucdy-byxd.json,526,14
/user/bigdata/nyc_open_data/uchs-jqh4.json,1571,3
/user/bigdata/nyc_open_data/uedp-fegm.json,1015,5
/user/bigdata/nyc_open_data/uf8p-ervp.json,51,4
/user/bigdata/nyc_open_data/ufu7-zp25.json,98,15
/user/bigdata/nyc_open_data/ugc2-6t2g.json,18,7
/user/bigdata/nyc_open_data/uggy-myiz.json,24,7
/user/bigdata/nyc_open_data/ugzk-a6x4.json,11050,23
/user/bigdata/nyc_open_data/uiz5-pwzg.json,17,7
/user/bigdata/nyc_open_data/ujdf-5byz.json,52,6
/user/bigdata/nyc_open_data/ujsc-un6m.json,23,18
/user/bigdata/nyc_open_data/umvu-uw78.json,3341659,0
/user/bigdata/nyc_open_data/un8d-rbed.json,3073,23
/user/bigdata/nyc_open_data/unw7-yyit.json,27,4
/user/bigdata/nyc_open_data/upwt-zvh3.json,1715,17
/user/bigdata/nyc_open_data/uqqa-hym2.json,3171290,14
/user/bigdata/nyc_open_data/urvc-2kdr.json,43,46
/user/bigdata/nyc_open_data/urz7-pzb3.json,27611,16
/user/bigdata/nyc_open_data/us4j-b5zt.json,1733,11
/user/bigdata/nyc_open_data/us5j-esyf.json,8,11
/user/bigdata/nyc_open_data/usap-qc7e.json,6272,16
/user/bigdata/nyc_open_data/ut9y-2ptp.json,158,18
/user/bigdata/nyc_open_data/utqd-4534.json,1216,20
/user/bigdata/nyc_open_data/uv67-wxba.json,26,46
/user/bigdata/nyc_open_data/uvks-tn5n.json,609,18
/user/bigdata/nyc_open_data/uvpi-gqnh.json,683788,45
/user/bigdata/nyc_open_data/uvw5-9znb.json,51,4
/user/bigdata/nyc_open_data/uwyv-629c.json,1359300,15
/user/bigdata/nyc_open_data/uyiw-98i7.json,19651,9
/user/bigdata/nyc_open_data/uzcy-9puk.json,1874697,52
/user/bigdata/nyc_open_data/v2kq-qrx6.json,25,17
/user/bigdata/nyc_open_data/v3a6-muuw.json,13,7
/user/bigdata/nyc_open_data/v3f6-2e7z.json,8,12
/user/bigdata/nyc_open_data/v475-8jcj.json,434,8
/user/bigdata/nyc_open_data/v575-87iz.json,17095,23
/user/bigdata/nyc_open_data/v5b9-t7fc.json,2035,5
/user/bigdata/nyc_open_data/v6j6-k9uc.json,1571723,5
/user/bigdata/nyc_open_data/v8qe-fx6p.json,41,15
/user/bigdata/nyc_open_data/vbgf-ket3.json,60,3
/user/bigdata/nyc_open_data/vdbc-pyc9.json,55086,16
/user/bigdata/nyc_open_data/vdem-2i66.json,212,7
/user/bigdata/nyc_open_data/ven4-h25u.json,1577,21
/user/bigdata/nyc_open_data/vf4p-p8ui.json,3213,22
/user/bigdata/nyc_open_data/vfdq-dvkf.json,2240,16
/user/bigdata/nyc_open_data/vfk9-3uwk.json,490,16
/user/bigdata/nyc_open_data/vg63-xw6u.json,65908,40
/user/bigdata/nyc_open_data/vgmz-py3h.json,3982,10
/user/bigdata/nyc_open_data/vh2h-md7a.json,25096,23
/user/bigdata/nyc_open_data/vhtt-kpwy.json,20,6
/user/bigdata/nyc_open_data/vimb-anc6.json,1456,10
/user/bigdata/nyc_open_data/vk9f-gvzq.json,16,5
/user/bigdata/nyc_open_data/vn2t-jh2b.json,420,16
/user/bigdata/nyc_open_data/vpb3-uf7s.json,7,7
/user/bigdata/nyc_open_data/vpdq-ktpr.json,350,16
/user/bigdata/nyc_open_data/vq35-j9qm.json,10038,35
/user/bigdata/nyc_open_data/vqix-8bak.json,6272,16
/user/bigdata/nyc_open_data/vr2i-c3qq.json,6,3
/user/bigdata/nyc_open_data/vr8p-8shw.json,61140,24
/user/bigdata/nyc_open_data/vrn4-2abs.json,1543,20
/user/bigdata/nyc_open_data/vrs9-g7kz.json,1873,19
/user/bigdata/nyc_open_data/vsfz-uqxv.json,1238336,38
/user/bigdata/nyc_open_data/vspn-8tzq.json,9,16
/user/bigdata/nyc_open_data/vuae-w6cg.json,21501,20
/user/bigdata/nyc_open_data/vve2-26rs.json,196,15
/user/bigdata/nyc_open_data/vvj6-d5qx.json,3388,20
/user/bigdata/nyc_open_data/vvym-pu7g.json,120,4
/user/bigdata/nyc_open_data/vw9i-7mzq.json,435,462
/user/bigdata/nyc_open_data/vwpc-kje2.json,1490852,10
/user/bigdata/nyc_open_data/vx8i-nprf.json,425326,20
/user/bigdata/nyc_open_data/vxxs-iyt2.json,1644,10
/user/bigdata/nyc_open_data/vyxt-abab.json,197,11
/user/bigdata/nyc_open_data/vz7h-p6wa.json,675,8
/user/bigdata/nyc_open_data/vz8c-29aj.json,13,15
/user/bigdata/nyc_open_data/vza7-n6vi.json,2688,16
/user/bigdata/nyc_open_data/w38c-pyzq.json,4,14
/user/bigdata/nyc_open_data/w3c6-35wg.json,59,45
/user/bigdata/nyc_open_data/w449-f4d7.json,5,14
/user/bigdata/nyc_open_data/w49k-mmkh.json,54,4
/user/bigdata/nyc_open_data/w4v6-3sdt.json,97,8
/user/bigdata/nyc_open_data/w5he-u64t.json,12,5
/user/bigdata/nyc_open_data/w5y2-8cs3.json,490,16
/user/bigdata/nyc_open_data/w6yt-hctp.json,423,46
/user/bigdata/nyc_open_data/w7w3-xahh.json,123335,27
/user/bigdata/nyc_open_data/w8dz-xpjh.json,5,16
/user/bigdata/nyc_open_data/w9ak-ipjd.json,7210,54
/user/bigdata/nyc_open_data/w9cy-nnma.json,100,18
/user/bigdata/nyc_open_data/w9du-8cu6.json,5,27
/user/bigdata/nyc_open_data/w9ei-idxz.json,885,26
/user/bigdata/nyc_open_data/wavz-fkw8.json,326167,8
/user/bigdata/nyc_open_data/wbtw-zkex.json,1702,11
/user/bigdata/nyc_open_data/weaz-wxw9.json,538,5
/user/bigdata/nyc_open_data/wed3-5i35.json,453615,10
/user/bigdata/nyc_open_data/weg5-33pj.json,1262,14
/user/bigdata/nyc_open_data/wffy-3iyg.json,80,5
/user/bigdata/nyc_open_data/wgsy-wbzx.json,200,0
/user/bigdata/nyc_open_data/wha7-46h5.json,64,5
/user/bigdata/nyc_open_data/whux-iuiu.json,65,17
/user/bigdata/nyc_open_data/wibz-uqui.json,16,22
/user/bigdata/nyc_open_data/wip6-ytad.json,6,17
/user/bigdata/nyc_open_data/wjtn-s4z7.json,50,29
/user/bigdata/nyc_open_data/wkaa-8g8b.json,115,3
/user/bigdata/nyc_open_data/wmi7-dkwa.json,2240,16
/user/bigdata/nyc_open_data/wng2-85mv.json,3393,31
/user/bigdata/nyc_open_data/wpqj-3buw.json,831800,7
/user/bigdata/nyc_open_data/wqr5-zmgj.json,4,11
/user/bigdata/nyc_open_data/wr4r-bue7.json,56772,15
/user/bigdata/nyc_open_data/wrhz-w8mn.json,33447,16
/user/bigdata/nyc_open_data/ws4c-4g69.json,594,5
/user/bigdata/nyc_open_data/wstu-wcnw.json,468,8
/user/bigdata/nyc_open_data/wtqm-fd2z.json,1033,7
/user/bigdata/nyc_open_data/wudr-qbgm.json,2,7
/user/bigdata/nyc_open_data/wv4q-e75v.json,24,46
/user/bigdata/nyc_open_data/wvxf-dwi5.json,4592977,40
/user/bigdata/nyc_open_data/wwhr-5ven.json,1491,20
/user/bigdata/nyc_open_data/wwsa-q2dq.json,3,16
/user/bigdata/nyc_open_data/wyca-yviy.json,8,12
/user/bigdata/nyc_open_data/wye7-nyek.json,271,68
/user/bigdata/nyc_open_data/wz5f-jajk.json,1381,19
/user/bigdata/nyc_open_data/wzur-rhz9.json,26,26
/user/bigdata/nyc_open_data/x273-tgv9.json,17123,53
/user/bigdata/nyc_open_data/x2hp-8ukt.json,440,23
/user/bigdata/nyc_open_data/x2s6-6d2j.json,515,5
/user/bigdata/nyc_open_data/x3kb-2vbv.json,1571,3
/user/bigdata/nyc_open_data/x4ai-kstz.json,47546,17
/user/bigdata/nyc_open_data/x4sg-2jca.json,1630,14
/user/bigdata/nyc_open_data/x4ud-jhxu.json,45,19
/user/bigdata/nyc_open_data/x56h-7iwp.json,6,4
/user/bigdata/nyc_open_data/x5tk-fa54.json,5322,15
/user/bigdata/nyc_open_data/x84u-rirx.json,292,17
/user/bigdata/nyc_open_data/x8rc-3utf.json,8,13
/user/bigdata/nyc_open_data/xagh-idmf.json,37,6
/user/bigdata/nyc_open_data/xah7-gu5w.json,8,13
/user/bigdata/nyc_open_data/xahu-rkwn.json,436,15
/user/bigdata/nyc_open_data/xcah-6evp.json,367,4
/user/bigdata/nyc_open_data/xck4-5xd5.json,1789,85
/user/bigdata/nyc_open_data/xdqu-utzq.json,180,4
/user/bigdata/nyc_open_data/xefy-6ent.json,2318,9
/user/bigdata/nyc_open_data/xfyi-uyt5.json,5233573,22
/user/bigdata/nyc_open_data/xggi-kgx9.json,5,17
/user/bigdata/nyc_open_data/xgse-vmv6.json,12,22
/user/bigdata/nyc_open_data/xi7c-iiu2.json,59,8
/user/bigdata/nyc_open_data/xj6i-rnxp.json,11,14
/user/bigdata/nyc_open_data/xjcm-e5uy.json,875,16
/user/bigdata/nyc_open_data/xjfq-wh2d.json,177101,7
/user/bigdata/nyc_open_data/xjur-zbxw.json,476,5
/user/bigdata/nyc_open_data/xk6g-r83g.json,243,6
/user/bigdata/nyc_open_data/xkkx-md5q.json,350,16
/user/bigdata/nyc_open_data/xnje-s6zf.json,66,2
/user/bigdata/nyc_open_data/xnpc-vebg.json,6,13
/user/bigdata/nyc_open_data/xp25-gxux.json,221,24
/user/bigdata/nyc_open_data/xpcf-tg2m.json,17,7
/user/bigdata/nyc_open_data/xqmg-7z3j.json,5674,17
/user/bigdata/nyc_open_data/xsmd-g5j6.json,30881,24
/user/bigdata/nyc_open_data/xt3u-h44z.json,14,7
/user/bigdata/nyc_open_data/xubg-57si.json,44002,36
/user/bigdata/nyc_open_data/xw3c-8982.json,2951,7
/user/bigdata/nyc_open_data/xwxx-rnki.json,806851,7
/user/bigdata/nyc_open_data/xx2p-4jnq.json,55,18
/user/bigdata/nyc_open_data/xx67-kt59.json,376013,18
/user/bigdata/nyc_open_data/xx92-6788.json,85297,17
/user/bigdata/nyc_open_data/xxf6-krb6.json,114,9
/user/bigdata/nyc_open_data/xxjs-y9yk.json,11,15
/user/bigdata/nyc_open_data/xywu-7bv9.json,6,22
/user/bigdata/nyc_open_data/xzj8-i3jk.json,1229383,18
/user/bigdata/nyc_open_data/xzy8-qqgf.json,484,20
/user/bigdata/nyc_open_data/y3ea-en4q.json,1956,5
/user/bigdata/nyc_open_data/y3gq-zv28.json,112,5
/user/bigdata/nyc_open_data/y43c-5n92.json,1153,10
/user/bigdata/nyc_open_data/y4fw-iqfr.json,6241,21
/user/bigdata/nyc_open_data/y4yc-78a4.json,4,2
/user/bigdata/nyc_open_data/y52e-hp89.json,1159,5
/user/bigdata/nyc_open_data/y6fv-k6p7.json,5385,3
/user/bigdata/nyc_open_data/y7z5-rhh5.json,139,4
/user/bigdata/nyc_open_data/y8bm-tzs3.json,64228,16
/user/bigdata/nyc_open_data/yanz-4hj5.json,13,7
/user/bigdata/nyc_open_data/yayv-apxh.json,1493,20
/user/bigdata/nyc_open_data/ybcb-4665.json,47598,17
/user/bigdata/nyc_open_data/yczb-msz7.json,28,15
/user/bigdata/nyc_open_data/ydbx-4ufw.json,508,5
/user/bigdata/nyc_open_data/ye3c-m4ga.json,570491,7
/user/bigdata/nyc_open_data/yeba-ynb5.json,1743,237
/user/bigdata/nyc_open_data/yggg-xf4b.json,47,3
/user/bigdata/nyc_open_data/yhdx-itry.json,134,10
/user/bigdata/nyc_open_data/yhfh-vyns.json,1568,16
/user/bigdata/nyc_open_data/yhuu-4pt3.json,8345,20
/user/bigdata/nyc_open_data/yid9-y2bb.json,30,13
/user/bigdata/nyc_open_data/yiet-hu2w.json,350,16
/user/bigdata/nyc_open_data/yig9-9zum.json,1219,17
/user/bigdata/nyc_open_data/yiqb-mq9h.json,59,5
/user/bigdata/nyc_open_data/yizy-365y.json,15,3
/user/bigdata/nyc_open_data/yj3u-pw36.json,13,13
/user/bigdata/nyc_open_data/yjbz-vif8.json,11,16
/user/bigdata/nyc_open_data/yjnr-kh6n.json,2,2
/user/bigdata/nyc_open_data/yjsf-89ae.json,84,15
/user/bigdata/nyc_open_data/yjub-udmw.json,3014,29
/user/bigdata/nyc_open_data/yk6f-pa7p.json,63,1
/user/bigdata/nyc_open_data/ykvb-493p.json,2928,10
/user/bigdata/nyc_open_data/ykx2-pdw8.json,975,45
/user/bigdata/nyc_open_data/ym2h-u9dt.json,824663,6
/user/bigdata/nyc_open_data/ymhw-9cz9.json,78,15
/user/bigdata/nyc_open_data/ymvu-4x4s.json,247,3
/user/bigdata/nyc_open_data/ynau-kwze.json,85424,17
/user/bigdata/nyc_open_data/ypbd-r4kg.json,13,35
/user/bigdata/nyc_open_data/ypm7-drwf.json,875,16
/user/bigdata/nyc_open_data/yqkf-i7a4.json,162,17
/user/bigdata/nyc_open_data/yrf7-4wry.json,329,69
/user/bigdata/nyc_open_data/yu9n-iqyk.json,28465,16
/user/bigdata/nyc_open_data/yuzm-c784.json,67639,16
/user/bigdata/nyc_open_data/yv6j-r66f.json,249,4
/user/bigdata/nyc_open_data/yz7z-iupz.json,2688,16
/user/bigdata/nyc_open_data/z4hj-p6bi.json,114,9
/user/bigdata/nyc_open_data/zcqs-4wtn.json,9,7
/user/bigdata/nyc_open_data/zkky-n5j3.json,4460,15
/user/bigdata/nyc_open_data/zmut-au2w.json,78,17
/user/bigdata/nyc_open_data/zpd4-gad8.json,420,16
/user/bigdata/nyc_open_data/zs4w-c9cd.json,55095,16
/user/bigdata/nyc_open_data/zt9s-n5aj.json,460,6
/user/bigdata/nyc_open_data/zwt9-6u9n.json,15,7
